,Capital,slippage,slippagePerCap,window_rolling,Y_threshold,max_hold_period,stopLossesPercent,takePercent,shift_param,time_barrier_param,variance_ratio_lookback,variance_ration_carette,result,total_pnl
0,100000,10,0.0001,587T,60.0,95T,"{'BuyLossPercent': 0.007333333333333334, 'SellLossPercent': 0.007333333333333334}","{'SellTakePercent': 0.01, 'BuyTakePercent': 0.01}",587,95,0 days 19:34:00,0 days 00:29:21,-0.999,-600688.543252386
1,100000,10,0.0001,846T,153.33333333333331,201T,"{'BuyLossPercent': 0.012666666666666666, 'SellLossPercent': 0.012666666666666666}","{'SellTakePercent': 0.048, 'BuyTakePercent': 0.048}",846,201,1 days 04:12:00,0 days 00:42:18,-1.0003,-114673.0528476074
2,100000,10,0.0001,70T,200.0,130T,"{'BuyLossPercent': 0.018000000000000002, 'SellLossPercent': 0.018000000000000002}","{'SellTakePercent': 0.048, 'BuyTakePercent': 0.048}",70,130,0 days 02:20:00,0 days 00:14:00,-0.9709,-34801.02097379274
3,100000,10,0.0001,898T,200.0,60T,"{'BuyLossPercent': 0.002, 'SellLossPercent': 0.002}","{'SellTakePercent': 0.022666666666666665, 'BuyTakePercent': 0.022666666666666665}",898,60,1 days 05:56:00,0 days 00:44:54,-0.9998,-1204396.2145926456
4,100000,10,0.0001,380T,106.66666666666666,237T,"{'BuyLossPercent': 0.002, 'SellLossPercent': 0.002}","{'SellTakePercent': 0.035333333333333335, 'BuyTakePercent': 0.035333333333333335}",380,237,0 days 12:40:00,0 days 00:19:00,-1.0001,-1803443.116090489
5,100000,10,0.0001,484T,60.0,95T,"{'BuyLossPercent': 0.007333333333333334, 'SellLossPercent': 0.007333333333333334}","{'SellTakePercent': 0.022666666666666665, 'BuyTakePercent': 0.022666666666666665}",484,95,0 days 16:08:00,0 days 01:36:48,-0.9997,-495376.7653607976
6,100000,10,0.0001,535T,106.66666666666666,343T,"{'BuyLossPercent': 0.018000000000000002, 'SellLossPercent': 0.018000000000000002}","{'SellTakePercent': 0.01, 'BuyTakePercent': 0.01}",535,343,0 days 17:50:00,0 days 01:47:00,-0.9936,-111775.27423535811
7,100000,10,0.0001,639T,153.33333333333331,414T,"{'BuyLossPercent': 0.012666666666666666, 'SellLossPercent': 0.012666666666666666}","{'SellTakePercent': 0.01, 'BuyTakePercent': 0.01}",639,414,0 days 21:18:00,0 days 00:31:57,-0.9835,-64644.86122086079
8,100000,10,0.0001,846T,153.33333333333331,130T,"{'BuyLossPercent': 0.012666666666666666, 'SellLossPercent': 0.012666666666666666}","{'SellTakePercent': 0.035333333333333335, 'BuyTakePercent': 0.035333333333333335}",846,130,1 days 04:12:00,0 days 00:42:18,-0.9998,-121739.86461058843
9,100000,10,0.0001,484T,106.66666666666666,343T,"{'BuyLossPercent': 0.007333333333333334, 'SellLossPercent': 0.007333333333333334}","{'SellTakePercent': 0.035333333333333335, 'BuyTakePercent': 0.035333333333333335}",484,343,0 days 16:08:00,0 days 00:24:12,-0.983,-142096.47301863495
10,100000,10,0.0001,432T,200.0,450T,"{'BuyLossPercent': 0.012666666666666666, 'SellLossPercent': 0.012666666666666666}","{'SellTakePercent': 0.022666666666666665, 'BuyTakePercent': 0.022666666666666665}",432,450,0 days 14:24:00,0 days 00:21:36,-0.9597,-40342.26447232431
11,100000,10,0.0001,121T,106.66666666666666,272T,"{'BuyLossPercent': 0.002, 'SellLossPercent': 0.002}","{'SellTakePercent': 0.035333333333333335, 'BuyTakePercent': 0.035333333333333335}",121,272,0 days 04:02:00,0 days 00:06:03,-1.0006,-336237.86007719144
12,100000,10,0.0001,535T,200.0,343T,"{'BuyLossPercent': 0.018000000000000002, 'SellLossPercent': 0.018000000000000002}","{'SellTakePercent': 0.035333333333333335, 'BuyTakePercent': 0.035333333333333335}",535,343,0 days 17:50:00,0 days 01:47:00,-0.9064,-36340.74089592441
13,100000,10,0.0001,846T,153.33333333333331,343T,"{'BuyLossPercent': 0.002, 'SellLossPercent': 0.002}","{'SellTakePercent': 0.048, 'BuyTakePercent': 0.048}",846,343,1 days 04:12:00,0 days 00:42:18,-1.0,-2145584.642510153
14,100000,10,0.0001,173T,200.0,414T,"{'BuyLossPercent': 0.012666666666666666, 'SellLossPercent': 0.012666666666666666}","{'SellTakePercent': 0.022666666666666665, 'BuyTakePercent': 0.022666666666666665}",173,414,0 days 05:46:00,0 days 00:08:39,-0.9701,-16786.553180554038
15,100000,10,0.0001,587T,106.66666666666666,166T,"{'BuyLossPercent': 0.002, 'SellLossPercent': 0.002}","{'SellTakePercent': 0.022666666666666665, 'BuyTakePercent': 0.022666666666666665}",587,166,0 days 19:34:00,0 days 01:57:24,-0.9999,-3077802.7472694144
16,100000,10,0.0001,277T,200.0,308T,"{'BuyLossPercent': 0.018000000000000002, 'SellLossPercent': 0.018000000000000002}","{'SellTakePercent': 0.022666666666666665, 'BuyTakePercent': 0.022666666666666665}",277,308,0 days 09:14:00,0 days 00:13:51,-0.9422,-20612.792521920088
17,100000,10,0.0001,277T,106.66666666666666,201T,"{'BuyLossPercent': 0.007333333333333334, 'SellLossPercent': 0.007333333333333334}","{'SellTakePercent': 0.01, 'BuyTakePercent': 0.01}",277,201,0 days 09:14:00,0 days 00:55:24,-0.9972,-161071.53371710292
18,100000,10,0.0001,225T,106.66666666666666,60T,"{'BuyLossPercent': 0.018000000000000002, 'SellLossPercent': 0.018000000000000002}","{'SellTakePercent': 0.01, 'BuyTakePercent': 0.01}",225,60,0 days 07:30:00,0 days 00:45:00,-0.9996,-192979.71564200538
19,100000,10,0.0001,794T,200.0,166T,"{'BuyLossPercent': 0.018000000000000002, 'SellLossPercent': 0.018000000000000002}","{'SellTakePercent': 0.035333333333333335, 'BuyTakePercent': 0.035333333333333335}",794,166,1 days 02:28:00,0 days 00:39:42,-0.9748,-42298.04986089446
20,100000,10,0.0001,432T,60.0,95T,"{'BuyLossPercent': 0.007333333333333334, 'SellLossPercent': 0.007333333333333334}","{'SellTakePercent': 0.048, 'BuyTakePercent': 0.048}",432,95,0 days 14:24:00,0 days 01:26:24,-0.9992,-474013.1949636984
21,100000,10,0.0001,846T,106.66666666666666,272T,"{'BuyLossPercent': 0.002, 'SellLossPercent': 0.002}","{'SellTakePercent': 0.048, 'BuyTakePercent': 0.048}",846,272,1 days 04:12:00,0 days 00:42:18,-1.0,-4977180.052173751
22,100000,10,0.0001,484T,106.66666666666666,237T,"{'BuyLossPercent': 0.012666666666666666, 'SellLossPercent': 0.012666666666666666}","{'SellTakePercent': 0.048, 'BuyTakePercent': 0.048}",484,237,0 days 16:08:00,0 days 00:24:12,-0.9976,-94763.04772638656
23,100000,10,0.0001,898T,60.0,237T,"{'BuyLossPercent': 0.012666666666666666, 'SellLossPercent': 0.012666666666666666}","{'SellTakePercent': 0.048, 'BuyTakePercent': 0.048}",898,237,1 days 05:56:00,0 days 00:44:54,-1.0004,-505035.41498567915
24,100000,10,0.0001,70T,60.0,130T,"{'BuyLossPercent': 0.012666666666666666, 'SellLossPercent': 0.012666666666666666}","{'SellTakePercent': 0.022666666666666665, 'BuyTakePercent': 0.022666666666666665}",70,130,0 days 02:20:00,0 days 00:14:00,-0.9995,-115449.34770531514
25,100000,10,0.0001,432T,106.66666666666666,450T,"{'BuyLossPercent': 0.018000000000000002, 'SellLossPercent': 0.018000000000000002}","{'SellTakePercent': 0.048, 'BuyTakePercent': 0.048}",432,450,0 days 14:24:00,0 days 00:21:36,-0.9877,-88182.92767283076
26,100000,10,0.0001,794T,60.0,343T,"{'BuyLossPercent': 0.007333333333333334, 'SellLossPercent': 0.007333333333333334}","{'SellTakePercent': 0.01, 'BuyTakePercent': 0.01}",794,343,1 days 02:28:00,0 days 02:38:48,-1.0002,-647454.6222827536
27,100000,10,0.0001,380T,106.66666666666666,201T,"{'BuyLossPercent': 0.012666666666666666, 'SellLossPercent': 0.012666666666666666}","{'SellTakePercent': 0.01, 'BuyTakePercent': 0.01}",380,201,0 days 12:40:00,0 days 01:16:00,-0.9994,-124874.52769896775
28,100000,10,0.0001,484T,60.0,166T,"{'BuyLossPercent': 0.007333333333333334, 'SellLossPercent': 0.007333333333333334}","{'SellTakePercent': 0.022666666666666665, 'BuyTakePercent': 0.022666666666666665}",484,166,0 days 16:08:00,0 days 00:24:12,-0.9989,-399704.3435062116
29,100000,10,0.0001,70T,200.0,95T,"{'BuyLossPercent': 0.002, 'SellLossPercent': 0.002}","{'SellTakePercent': 0.048, 'BuyTakePercent': 0.048}",70,95,0 days 02:20:00,0 days 00:03:30,-0.9978,-99721.25168115317
30,100000,10,0.0001,328T,200.0,343T,"{'BuyLossPercent': 0.007333333333333334, 'SellLossPercent': 0.007333333333333334}","{'SellTakePercent': 0.022666666666666665, 'BuyTakePercent': 0.022666666666666665}",328,343,0 days 10:56:00,0 days 00:16:24,-0.9136,-46438.18843294094
31,100000,10,0.0001,121T,200.0,237T,"{'BuyLossPercent': 0.002, 'SellLossPercent': 0.002}","{'SellTakePercent': 0.022666666666666665, 'BuyTakePercent': 0.022666666666666665}",121,237,0 days 04:02:00,0 days 00:06:03,-0.9948,-104340.18526992394
32,100000,10,0.0001,950T,200.0,343T,"{'BuyLossPercent': 0.002, 'SellLossPercent': 0.002}","{'SellTakePercent': 0.022666666666666665, 'BuyTakePercent': 0.022666666666666665}",950,343,1 days 07:40:00,0 days 00:47:30,-1.0002,-1148867.2300231596
33,100000,10,0.0001,742T,60.0,166T,"{'BuyLossPercent': 0.002, 'SellLossPercent': 0.002}","{'SellTakePercent': 0.022666666666666665, 'BuyTakePercent': 0.022666666666666665}",742,166,1 days 00:44:00,0 days 00:37:06,-1.0,-8834038.74455113
34,100000,10,0.0001,328T,200.0,130T,"{'BuyLossPercent': 0.007333333333333334, 'SellLossPercent': 0.007333333333333334}","{'SellTakePercent': 0.048, 'BuyTakePercent': 0.048}",328,130,0 days 10:56:00,0 days 00:16:24,-0.9956,-67433.30929941704
35,100000,10,0.0001,432T,200.0,130T,"{'BuyLossPercent': 0.002, 'SellLossPercent': 0.002}","{'SellTakePercent': 0.035333333333333335, 'BuyTakePercent': 0.035333333333333335}",432,130,0 days 14:24:00,0 days 00:21:36,-0.9977,-386573.0876788516
36,100000,10,0.0001,742T,106.66666666666666,414T,"{'BuyLossPercent': 0.002, 'SellLossPercent': 0.002}","{'SellTakePercent': 0.035333333333333335, 'BuyTakePercent': 0.035333333333333335}",742,414,1 days 00:44:00,0 days 02:28:24,-1.0,-3645215.1849591406
37,100000,10,0.0001,277T,153.33333333333331,272T,"{'BuyLossPercent': 0.007333333333333334, 'SellLossPercent': 0.007333333333333334}","{'SellTakePercent': 0.048, 'BuyTakePercent': 0.048}",277,272,0 days 09:14:00,0 days 00:55:24,-0.9957,-71586.45631540743
38,100000,10,0.0001,794T,60.0,130T,"{'BuyLossPercent': 0.007333333333333334, 'SellLossPercent': 0.007333333333333334}","{'SellTakePercent': 0.01, 'BuyTakePercent': 0.01}",794,130,1 days 02:28:00,0 days 02:38:48,-0.9995,-772057.7151108915
39,100000,10,0.0001,70T,106.66666666666666,343T,"{'BuyLossPercent': 0.018000000000000002, 'SellLossPercent': 0.018000000000000002}","{'SellTakePercent': 0.048, 'BuyTakePercent': 0.048}",70,343,0 days 02:20:00,0 days 00:14:00,-0.8526,-29689.065737190343
40,100000,10,0.0001,380T,106.66666666666666,450T,"{'BuyLossPercent': 0.002, 'SellLossPercent': 0.002}","{'SellTakePercent': 0.048, 'BuyTakePercent': 0.048}",380,450,0 days 12:40:00,0 days 00:19:00,-0.9999,-1362228.1509779876
41,100000,10,0.0001,587T,153.33333333333331,60T,"{'BuyLossPercent': 0.018000000000000002, 'SellLossPercent': 0.018000000000000002}","{'SellTakePercent': 0.048, 'BuyTakePercent': 0.048}",587,60,0 days 19:34:00,0 days 01:57:24,-0.9953,-181283.99101762933
42,100000,10,0.0001,173T,200.0,166T,"{'BuyLossPercent': 0.012666666666666666, 'SellLossPercent': 0.012666666666666666}","{'SellTakePercent': 0.035333333333333335, 'BuyTakePercent': 0.035333333333333335}",173,166,0 days 05:46:00,0 days 00:08:39,-0.9195,-33262.812890713765
43,100000,10,0.0001,639T,60.0,272T,"{'BuyLossPercent': 0.012666666666666666, 'SellLossPercent': 0.012666666666666666}","{'SellTakePercent': 0.035333333333333335, 'BuyTakePercent': 0.035333333333333335}",639,272,0 days 21:18:00,0 days 02:07:48,-0.9973,-118029.321292863
44,100000,10,0.0001,742T,153.33333333333331,308T,"{'BuyLossPercent': 0.007333333333333334, 'SellLossPercent': 0.007333333333333334}","{'SellTakePercent': 0.022666666666666665, 'BuyTakePercent': 0.022666666666666665}",742,308,1 days 00:44:00,0 days 00:37:06,-0.9994,-167616.58775426663
45,100000,10,0.0001,484T,106.66666666666666,95T,"{'BuyLossPercent': 0.007333333333333334, 'SellLossPercent': 0.007333333333333334}","{'SellTakePercent': 0.01, 'BuyTakePercent': 0.01}",484,95,0 days 16:08:00,0 days 00:24:12,-0.9997,-273043.6377777276
46,100000,10,0.0001,225T,60.0,166T,"{'BuyLossPercent': 0.007333333333333334, 'SellLossPercent': 0.007333333333333334}","{'SellTakePercent': 0.022666666666666665, 'BuyTakePercent': 0.022666666666666665}",225,166,0 days 07:30:00,0 days 00:45:00,-0.9988,-194666.41060129693
47,100000,10,0.0001,742T,60.0,60T,"{'BuyLossPercent': 0.012666666666666666, 'SellLossPercent': 0.012666666666666666}","{'SellTakePercent': 0.01, 'BuyTakePercent': 0.01}",742,60,1 days 00:44:00,0 days 02:28:24,-0.9993,-630658.4927299467
48,100000,10,0.0001,484T,60.0,308T,"{'BuyLossPercent': 0.007333333333333334, 'SellLossPercent': 0.007333333333333334}","{'SellTakePercent': 0.022666666666666665, 'BuyTakePercent': 0.022666666666666665}",484,308,0 days 16:08:00,0 days 01:36:48,-0.9995,-326413.3370673952
49,100000,10,0.0001,794T,153.33333333333331,130T,"{'BuyLossPercent': 0.002, 'SellLossPercent': 0.002}","{'SellTakePercent': 0.048, 'BuyTakePercent': 0.048}",794,130,1 days 02:28:00,0 days 02:38:48,-0.9998,-2197951.373062774
50,100000,10,0.0001,70T,106.66666666666666,450T,"{'BuyLossPercent': 0.018000000000000002, 'SellLossPercent': 0.018000000000000002}","{'SellTakePercent': 0.035333333333333335, 'BuyTakePercent': 0.035333333333333335}",70,450,0 days 02:20:00,0 days 00:14:00,-0.8835,-27378.963992363264
51,100000,10,0.0001,121T,106.66666666666666,95T,"{'BuyLossPercent': 0.018000000000000002, 'SellLossPercent': 0.018000000000000002}","{'SellTakePercent': 0.022666666666666665, 'BuyTakePercent': 0.022666666666666665}",121,95,0 days 04:02:00,0 days 00:24:12,-0.9989,-98705.35474257305
52,100000,10,0.0001,328T,60.0,272T,"{'BuyLossPercent': 0.012666666666666666, 'SellLossPercent': 0.012666666666666666}","{'SellTakePercent': 0.01, 'BuyTakePercent': 0.01}",328,272,0 days 10:56:00,0 days 01:05:36,-0.9924,-150060.11207567801
53,100000,10,0.0001,70T,106.66666666666666,130T,"{'BuyLossPercent': 0.012666666666666666, 'SellLossPercent': 0.012666666666666666}","{'SellTakePercent': 0.01, 'BuyTakePercent': 0.01}",70,130,0 days 02:20:00,0 days 00:03:30,-0.9952,-62786.78644221156
54,100000,10,0.0001,794T,106.66666666666666,379T,"{'BuyLossPercent': 0.012666666666666666, 'SellLossPercent': 0.012666666666666666}","{'SellTakePercent': 0.01, 'BuyTakePercent': 0.01}",794,379,1 days 02:28:00,0 days 02:38:48,-1.0013,-182529.2477902166
55,100000,10,0.0001,70T,153.33333333333331,166T,"{'BuyLossPercent': 0.012666666666666666, 'SellLossPercent': 0.012666666666666666}","{'SellTakePercent': 0.01, 'BuyTakePercent': 0.01}",70,166,0 days 02:20:00,0 days 00:14:00,-0.7711,-15658.186718544473
56,100000,10,0.0001,846T,106.66666666666666,272T,"{'BuyLossPercent': 0.018000000000000002, 'SellLossPercent': 0.018000000000000002}","{'SellTakePercent': 0.022666666666666665, 'BuyTakePercent': 0.022666666666666665}",846,272,1 days 04:12:00,0 days 02:49:12,-1.0005,-135170.38926960016
57,100000,10,0.0001,225T,106.66666666666666,450T,"{'BuyLossPercent': 0.012666666666666666, 'SellLossPercent': 0.012666666666666666}","{'SellTakePercent': 0.01, 'BuyTakePercent': 0.01}",225,450,0 days 07:30:00,0 days 00:45:00,-0.9819,-85567.83610007288
58,100000,10,0.0001,70T,60.0,95T,"{'BuyLossPercent': 0.002, 'SellLossPercent': 0.002}","{'SellTakePercent': 0.035333333333333335, 'BuyTakePercent': 0.035333333333333335}",70,95,0 days 02:20:00,0 days 00:14:00,-0.9989,-527400.6139079981
59,100000,10,0.0001,535T,153.33333333333331,166T,"{'BuyLossPercent': 0.018000000000000002, 'SellLossPercent': 0.018000000000000002}","{'SellTakePercent': 0.035333333333333335, 'BuyTakePercent': 0.035333333333333335}",535,166,0 days 17:50:00,0 days 01:47:00,-0.8526,-33225.96070941718
60,100000,10,0.0001,691T,60.0,379T,"{'BuyLossPercent': 0.018000000000000002, 'SellLossPercent': 0.018000000000000002}","{'SellTakePercent': 0.01, 'BuyTakePercent': 0.01}",691,379,0 days 23:02:00,0 days 02:18:12,-1.001,-192232.85693171553
61,100000,10,0.0001,173T,200.0,237T,"{'BuyLossPercent': 0.007333333333333334, 'SellLossPercent': 0.007333333333333334}","{'SellTakePercent': 0.048, 'BuyTakePercent': 0.048}",173,237,0 days 05:46:00,0 days 00:34:36,-0.7725,-13361.3192304157
62,100000,10,0.0001,70T,106.66666666666666,201T,"{'BuyLossPercent': 0.012666666666666666, 'SellLossPercent': 0.012666666666666666}","{'SellTakePercent': 0.048, 'BuyTakePercent': 0.048}",70,201,0 days 02:20:00,0 days 00:14:00,-1.0044,-39124.203493921596
63,100000,10,0.0001,70T,153.33333333333331,60T,"{'BuyLossPercent': 0.012666666666666666, 'SellLossPercent': 0.012666666666666666}","{'SellTakePercent': 0.048, 'BuyTakePercent': 0.048}",70,60,0 days 02:20:00,0 days 00:03:30,-0.9977,-80491.11347389633
64,100000,10,0.0001,950T,153.33333333333331,450T,"{'BuyLossPercent': 0.002, 'SellLossPercent': 0.002}","{'SellTakePercent': 0.01, 'BuyTakePercent': 0.01}",950,450,1 days 07:40:00,0 days 00:47:30,-1.0001,-2480692.9327860675
65,100000,10,0.0001,277T,106.66666666666666,343T,"{'BuyLossPercent': 0.002, 'SellLossPercent': 0.002}","{'SellTakePercent': 0.022666666666666665, 'BuyTakePercent': 0.022666666666666665}",277,343,0 days 09:14:00,0 days 00:55:24,-0.9996,-916625.8568775377
66,100000,10,0.0001,277T,60.0,201T,"{'BuyLossPercent': 0.012666666666666666, 'SellLossPercent': 0.012666666666666666}","{'SellTakePercent': 0.048, 'BuyTakePercent': 0.048}",277,201,0 days 09:14:00,0 days 00:13:51,-0.9978,-160605.42397970683
67,100000,10,0.0001,587T,60.0,379T,"{'BuyLossPercent': 0.007333333333333334, 'SellLossPercent': 0.007333333333333334}","{'SellTakePercent': 0.048, 'BuyTakePercent': 0.048}",587,379,0 days 19:34:00,0 days 01:57:24,-0.992,-373255.9164147436
68,100000,10,0.0001,950T,200.0,272T,"{'BuyLossPercent': 0.018000000000000002, 'SellLossPercent': 0.018000000000000002}","{'SellTakePercent': 0.022666666666666665, 'BuyTakePercent': 0.022666666666666665}",950,272,1 days 07:40:00,0 days 00:47:30,-1.0016,-31957.51247326242
69,100000,10,0.0001,587T,153.33333333333331,166T,"{'BuyLossPercent': 0.002, 'SellLossPercent': 0.002}","{'SellTakePercent': 0.048, 'BuyTakePercent': 0.048}",587,166,0 days 19:34:00,0 days 01:57:24,-0.9996,-1383202.6749160588
70,100000,10,0.0001,380T,106.66666666666666,414T,"{'BuyLossPercent': 0.002, 'SellLossPercent': 0.002}","{'SellTakePercent': 0.022666666666666665, 'BuyTakePercent': 0.022666666666666665}",380,414,0 days 12:40:00,0 days 00:19:00,-0.9999,-1507369.7622496034
71,100000,10,0.0001,846T,200.0,237T,"{'BuyLossPercent': 0.007333333333333334, 'SellLossPercent': 0.007333333333333334}","{'SellTakePercent': 0.035333333333333335, 'BuyTakePercent': 0.035333333333333335}",846,237,1 days 04:12:00,0 days 00:42:18,-1.0001,-115148.69584878204
72,100000,10,0.0001,484T,106.66666666666666,60T,"{'BuyLossPercent': 0.012666666666666666, 'SellLossPercent': 0.012666666666666666}","{'SellTakePercent': 0.022666666666666665, 'BuyTakePercent': 0.022666666666666665}",484,60,0 days 16:08:00,0 days 01:36:48,-1.0002,-295370.9178528176
73,100000,10,0.0001,587T,60.0,343T,"{'BuyLossPercent': 0.002, 'SellLossPercent': 0.002}","{'SellTakePercent': 0.035333333333333335, 'BuyTakePercent': 0.035333333333333335}",587,343,0 days 19:34:00,0 days 01:57:24,-1.0,-5484946.844593393
74,100000,10,0.0001,742T,60.0,95T,"{'BuyLossPercent': 0.012666666666666666, 'SellLossPercent': 0.012666666666666666}","{'SellTakePercent': 0.022666666666666665, 'BuyTakePercent': 0.022666666666666665}",742,95,1 days 00:44:00,0 days 00:37:06,-0.9992,-410090.2332573047
75,100000,10,0.0001,846T,60.0,95T,"{'BuyLossPercent': 0.012666666666666666, 'SellLossPercent': 0.012666666666666666}","{'SellTakePercent': 0.022666666666666665, 'BuyTakePercent': 0.022666666666666665}",846,95,1 days 04:12:00,0 days 02:49:12,-1.0,-489175.926166353
76,100000,10,0.0001,121T,200.0,237T,"{'BuyLossPercent': 0.002, 'SellLossPercent': 0.002}","{'SellTakePercent': 0.035333333333333335, 'BuyTakePercent': 0.035333333333333335}",121,237,0 days 04:02:00,0 days 00:06:03,-0.9945,-97623.48882351494
77,100000,10,0.0001,587T,106.66666666666666,414T,"{'BuyLossPercent': 0.012666666666666666, 'SellLossPercent': 0.012666666666666666}","{'SellTakePercent': 0.022666666666666665, 'BuyTakePercent': 0.022666666666666665}",587,414,0 days 19:34:00,0 days 00:29:21,-0.9924,-75931.69269410253
78,100000,10,0.0001,846T,153.33333333333331,414T,"{'BuyLossPercent': 0.018000000000000002, 'SellLossPercent': 0.018000000000000002}","{'SellTakePercent': 0.01, 'BuyTakePercent': 0.01}",846,414,1 days 04:12:00,0 days 00:42:18,-0.9917,-68542.04340846287
79,100000,10,0.0001,587T,60.0,379T,"{'BuyLossPercent': 0.012666666666666666, 'SellLossPercent': 0.012666666666666666}","{'SellTakePercent': 0.035333333333333335, 'BuyTakePercent': 0.035333333333333335}",587,379,0 days 19:34:00,0 days 01:57:24,-0.9913,-208056.78203564562
80,100000,10,0.0001,898T,153.33333333333331,237T,"{'BuyLossPercent': 0.002, 'SellLossPercent': 0.002}","{'SellTakePercent': 0.035333333333333335, 'BuyTakePercent': 0.035333333333333335}",898,237,1 days 05:56:00,0 days 02:59:36,-1.0,-2336089.9552956433
81,100000,10,0.0001,484T,106.66666666666666,237T,"{'BuyLossPercent': 0.007333333333333334, 'SellLossPercent': 0.007333333333333334}","{'SellTakePercent': 0.035333333333333335, 'BuyTakePercent': 0.035333333333333335}",484,237,0 days 16:08:00,0 days 00:24:12,-0.9987,-155435.5789163186
82,100000,10,0.0001,691T,60.0,237T,"{'BuyLossPercent': 0.002, 'SellLossPercent': 0.002}","{'SellTakePercent': 0.048, 'BuyTakePercent': 0.048}",691,237,0 days 23:02:00,0 days 02:18:12,-1.0,-7568283.516557466
83,100000,10,0.0001,277T,106.66666666666666,201T,"{'BuyLossPercent': 0.012666666666666666, 'SellLossPercent': 0.012666666666666666}","{'SellTakePercent': 0.022666666666666665, 'BuyTakePercent': 0.022666666666666665}",277,201,0 days 09:14:00,0 days 00:13:51,-1.0003,-118448.88708127609
84,100000,10,0.0001,950T,200.0,343T,"{'BuyLossPercent': 0.018000000000000002, 'SellLossPercent': 0.018000000000000002}","{'SellTakePercent': 0.048, 'BuyTakePercent': 0.048}",950,343,1 days 07:40:00,0 days 00:47:30,-0.8776,-26456.839166011654
85,100000,10,0.0001,173T,200.0,166T,"{'BuyLossPercent': 0.018000000000000002, 'SellLossPercent': 0.018000000000000002}","{'SellTakePercent': 0.048, 'BuyTakePercent': 0.048}",173,166,0 days 05:46:00,0 days 00:08:39,-0.8981,-25682.25480801834
86,100000,10,0.0001,380T,60.0,272T,"{'BuyLossPercent': 0.012666666666666666, 'SellLossPercent': 0.012666666666666666}","{'SellTakePercent': 0.048, 'BuyTakePercent': 0.048}",380,272,0 days 12:40:00,0 days 01:16:00,-0.9951,-69721.70067612387
87,100000,10,0.0001,898T,153.33333333333331,95T,"{'BuyLossPercent': 0.018000000000000002, 'SellLossPercent': 0.018000000000000002}","{'SellTakePercent': 0.048, 'BuyTakePercent': 0.048}",898,95,1 days 05:56:00,0 days 00:44:54,-1.0003,-153747.12324000782
88,100000,10,0.0001,950T,60.0,308T,"{'BuyLossPercent': 0.018000000000000002, 'SellLossPercent': 0.018000000000000002}","{'SellTakePercent': 0.01, 'BuyTakePercent': 0.01}",950,308,1 days 07:40:00,0 days 00:47:30,-1.0014,-233706.49233045333
89,100000,10,0.0001,846T,106.66666666666666,237T,"{'BuyLossPercent': 0.002, 'SellLossPercent': 0.002}","{'SellTakePercent': 0.022666666666666665, 'BuyTakePercent': 0.022666666666666665}",846,237,1 days 04:12:00,0 days 02:49:12,-1.0,-4639364.980180415
90,100000,10,0.0001,328T,60.0,237T,"{'BuyLossPercent': 0.018000000000000002, 'SellLossPercent': 0.018000000000000002}","{'SellTakePercent': 0.035333333333333335, 'BuyTakePercent': 0.035333333333333335}",328,237,0 days 10:56:00,0 days 01:05:36,-0.9997,-80817.10095745731
91,100000,10,0.0001,277T,153.33333333333331,379T,"{'BuyLossPercent': 0.012666666666666666, 'SellLossPercent': 0.012666666666666666}","{'SellTakePercent': 0.035333333333333335, 'BuyTakePercent': 0.035333333333333335}",277,379,0 days 09:14:00,0 days 00:55:24,-0.9212,-40569.48106373413
92,100000,10,0.0001,846T,106.66666666666666,414T,"{'BuyLossPercent': 0.018000000000000002, 'SellLossPercent': 0.018000000000000002}","{'SellTakePercent': 0.035333333333333335, 'BuyTakePercent': 0.035333333333333335}",846,414,1 days 04:12:00,0 days 00:42:18,-0.9759,-52620.42666186439
93,100000,10,0.0001,484T,200.0,272T,"{'BuyLossPercent': 0.012666666666666666, 'SellLossPercent': 0.012666666666666666}","{'SellTakePercent': 0.035333333333333335, 'BuyTakePercent': 0.035333333333333335}",484,272,0 days 16:08:00,0 days 00:24:12,-0.565,-10605.4840466485
94,100000,10,0.0001,898T,153.33333333333331,308T,"{'BuyLossPercent': 0.012666666666666666, 'SellLossPercent': 0.012666666666666666}","{'SellTakePercent': 0.01, 'BuyTakePercent': 0.01}",898,308,1 days 05:56:00,0 days 00:44:54,-0.9983,-96438.84723977814
95,100000,10,0.0001,277T,60.0,166T,"{'BuyLossPercent': 0.002, 'SellLossPercent': 0.002}","{'SellTakePercent': 0.048, 'BuyTakePercent': 0.048}",277,166,0 days 09:14:00,0 days 00:13:51,-1.0,-2788301.3254396296
96,100000,10,0.0001,432T,153.33333333333331,237T,"{'BuyLossPercent': 0.018000000000000002, 'SellLossPercent': 0.018000000000000002}","{'SellTakePercent': 0.035333333333333335, 'BuyTakePercent': 0.035333333333333335}",432,237,0 days 14:24:00,0 days 00:21:36,-0.9923,-67469.63987391311
97,100000,10,0.0001,846T,60.0,414T,"{'BuyLossPercent': 0.007333333333333334, 'SellLossPercent': 0.007333333333333334}","{'SellTakePercent': 0.035333333333333335, 'BuyTakePercent': 0.035333333333333335}",846,414,1 days 04:12:00,0 days 00:42:18,-0.9995,-773272.6383871685
98,100000,10,0.0001,380T,60.0,130T,"{'BuyLossPercent': 0.012666666666666666, 'SellLossPercent': 0.012666666666666666}","{'SellTakePercent': 0.022666666666666665, 'BuyTakePercent': 0.022666666666666665}",380,130,0 days 12:40:00,0 days 01:16:00,-1.0,-245979.3243161648
99,100000,10,0.0001,742T,60.0,272T,"{'BuyLossPercent': 0.018000000000000002, 'SellLossPercent': 0.018000000000000002}","{'SellTakePercent': 0.048, 'BuyTakePercent': 0.048}",742,272,1 days 00:44:00,0 days 00:37:06,-0.9971,-111311.57982054367
100,100000,10,0.0001,121T,153.33333333333331,237T,"{'BuyLossPercent': 0.018000000000000002, 'SellLossPercent': 0.018000000000000002}","{'SellTakePercent': 0.01, 'BuyTakePercent': 0.01}",121,237,0 days 04:02:00,0 days 00:24:12,-0.9742,-34676.14009652677
101,100000,10,0.0001,846T,106.66666666666666,166T,"{'BuyLossPercent': 0.018000000000000002, 'SellLossPercent': 0.018000000000000002}","{'SellTakePercent': 0.035333333333333335, 'BuyTakePercent': 0.035333333333333335}",846,166,1 days 04:12:00,0 days 00:42:18,-1.0002,-165425.56827782013
102,100000,10,0.0001,380T,106.66666666666666,308T,"{'BuyLossPercent': 0.012666666666666666, 'SellLossPercent': 0.012666666666666666}","{'SellTakePercent': 0.01, 'BuyTakePercent': 0.01}",380,308,0 days 12:40:00,0 days 01:16:00,-0.9982,-109321.84296223223
103,100000,10,0.0001,432T,200.0,201T,"{'BuyLossPercent': 0.002, 'SellLossPercent': 0.002}","{'SellTakePercent': 0.022666666666666665, 'BuyTakePercent': 0.022666666666666665}",432,201,0 days 14:24:00,0 days 00:21:36,-0.9992,-342559.2967784158
104,100000,10,0.0001,950T,200.0,450T,"{'BuyLossPercent': 0.018000000000000002, 'SellLossPercent': 0.018000000000000002}","{'SellTakePercent': 0.022666666666666665, 'BuyTakePercent': 0.022666666666666665}",950,450,1 days 07:40:00,0 days 00:47:30,-0.9404,-17962.163307245377
105,100000,10,0.0001,846T,153.33333333333331,450T,"{'BuyLossPercent': 0.012666666666666666, 'SellLossPercent': 0.012666666666666666}","{'SellTakePercent': 0.022666666666666665, 'BuyTakePercent': 0.022666666666666665}",846,450,1 days 04:12:00,0 days 02:49:12,-0.9822,-73798.1382188443
106,100000,10,0.0001,121T,153.33333333333331,379T,"{'BuyLossPercent': 0.002, 'SellLossPercent': 0.002}","{'SellTakePercent': 0.01, 'BuyTakePercent': 0.01}",121,379,0 days 04:02:00,0 days 00:06:03,-0.9957,-196365.96084000802
107,100000,10,0.0001,380T,200.0,95T,"{'BuyLossPercent': 0.012666666666666666, 'SellLossPercent': 0.012666666666666666}","{'SellTakePercent': 0.035333333333333335, 'BuyTakePercent': 0.035333333333333335}",380,95,0 days 12:40:00,0 days 01:16:00,-0.9781,-65759.07418623067
108,100000,10,0.0001,691T,200.0,414T,"{'BuyLossPercent': 0.002, 'SellLossPercent': 0.002}","{'SellTakePercent': 0.048, 'BuyTakePercent': 0.048}",691,414,0 days 23:02:00,0 days 00:34:33,-0.9999,-568166.4682841209
109,100000,10,0.0001,328T,200.0,95T,"{'BuyLossPercent': 0.002, 'SellLossPercent': 0.002}","{'SellTakePercent': 0.048, 'BuyTakePercent': 0.048}",328,95,0 days 10:56:00,0 days 00:16:24,-1.0001,-322303.8998089841
110,100000,10,0.0001,898T,153.33333333333331,379T,"{'BuyLossPercent': 0.018000000000000002, 'SellLossPercent': 0.018000000000000002}","{'SellTakePercent': 0.048, 'BuyTakePercent': 0.048}",898,379,1 days 05:56:00,0 days 00:44:54,-0.9752,-29609.41501326986
111,100000,10,0.0001,639T,60.0,308T,"{'BuyLossPercent': 0.007333333333333334, 'SellLossPercent': 0.007333333333333334}","{'SellTakePercent': 0.022666666666666665, 'BuyTakePercent': 0.022666666666666665}",639,308,0 days 21:18:00,0 days 00:31:57,-0.9992,-418412.70490950526
112,100000,10,0.0001,328T,200.0,60T,"{'BuyLossPercent': 0.007333333333333334, 'SellLossPercent': 0.007333333333333334}","{'SellTakePercent': 0.048, 'BuyTakePercent': 0.048}",328,60,0 days 10:56:00,0 days 00:16:24,-1.0009,-91829.40826352697
113,100000,10,0.0001,225T,106.66666666666666,272T,"{'BuyLossPercent': 0.007333333333333334, 'SellLossPercent': 0.007333333333333334}","{'SellTakePercent': 0.01, 'BuyTakePercent': 0.01}",225,272,0 days 07:30:00,0 days 00:45:00,-0.9995,-127442.39605375279
114,100000,10,0.0001,742T,106.66666666666666,308T,"{'BuyLossPercent': 0.002, 'SellLossPercent': 0.002}","{'SellTakePercent': 0.048, 'BuyTakePercent': 0.048}",742,308,1 days 00:44:00,0 days 00:37:06,-0.9999,-3939180.0867957706
115,100000,10,0.0001,121T,153.33333333333331,450T,"{'BuyLossPercent': 0.007333333333333334, 'SellLossPercent': 0.007333333333333334}","{'SellTakePercent': 0.01, 'BuyTakePercent': 0.01}",121,450,0 days 04:02:00,0 days 00:24:12,-0.9384,-50829.483471078325
116,100000,10,0.0001,846T,153.33333333333331,450T,"{'BuyLossPercent': 0.012666666666666666, 'SellLossPercent': 0.012666666666666666}","{'SellTakePercent': 0.035333333333333335, 'BuyTakePercent': 0.035333333333333335}",846,450,1 days 04:12:00,0 days 02:49:12,-0.8349,-19722.67944570619
117,100000,10,0.0001,639T,153.33333333333331,308T,"{'BuyLossPercent': 0.018000000000000002, 'SellLossPercent': 0.018000000000000002}","{'SellTakePercent': 0.01, 'BuyTakePercent': 0.01}",639,308,0 days 21:18:00,0 days 00:31:57,-0.9983,-80974.28510650189
118,100000,10,0.0001,691T,153.33333333333331,343T,"{'BuyLossPercent': 0.012666666666666666, 'SellLossPercent': 0.012666666666666666}","{'SellTakePercent': 0.01, 'BuyTakePercent': 0.01}",691,343,0 days 23:02:00,0 days 00:34:33,-0.9929,-79797.77064841238
119,100000,10,0.0001,587T,200.0,130T,"{'BuyLossPercent': 0.007333333333333334, 'SellLossPercent': 0.007333333333333334}","{'SellTakePercent': 0.035333333333333335, 'BuyTakePercent': 0.035333333333333335}",587,130,0 days 19:34:00,0 days 01:57:24,-0.9809,-126320.17514593652
120,100000,10,0.0001,173T,60.0,95T,"{'BuyLossPercent': 0.012666666666666666, 'SellLossPercent': 0.012666666666666666}","{'SellTakePercent': 0.022666666666666665, 'BuyTakePercent': 0.022666666666666665}",173,95,0 days 05:46:00,0 days 00:34:36,-1.0015,-188853.81641018038
121,100000,10,0.0001,950T,60.0,379T,"{'BuyLossPercent': 0.012666666666666666, 'SellLossPercent': 0.012666666666666666}","{'SellTakePercent': 0.048, 'BuyTakePercent': 0.048}",950,379,1 days 07:40:00,0 days 03:10:00,-0.9992,-157875.94942327964
122,100000,10,0.0001,225T,60.0,95T,"{'BuyLossPercent': 0.012666666666666666, 'SellLossPercent': 0.012666666666666666}","{'SellTakePercent': 0.01, 'BuyTakePercent': 0.01}",225,95,0 days 07:30:00,0 days 00:11:15,-0.9997,-263342.6278486032
123,100000,10,0.0001,225T,153.33333333333331,414T,"{'BuyLossPercent': 0.002, 'SellLossPercent': 0.002}","{'SellTakePercent': 0.048, 'BuyTakePercent': 0.048}",225,414,0 days 07:30:00,0 days 00:11:15,-0.9974,-301094.6274192759
124,100000,10,0.0001,535T,153.33333333333331,130T,"{'BuyLossPercent': 0.007333333333333334, 'SellLossPercent': 0.007333333333333334}","{'SellTakePercent': 0.048, 'BuyTakePercent': 0.048}",535,130,0 days 17:50:00,0 days 00:26:45,-0.9858,-121666.07023626119
125,100000,10,0.0001,70T,153.33333333333331,450T,"{'BuyLossPercent': 0.007333333333333334, 'SellLossPercent': 0.007333333333333334}","{'SellTakePercent': 0.035333333333333335, 'BuyTakePercent': 0.035333333333333335}",70,450,0 days 02:20:00,0 days 00:14:00,-0.3508,-6086.629952775673
126,100000,10,0.0001,277T,60.0,201T,"{'BuyLossPercent': 0.002, 'SellLossPercent': 0.002}","{'SellTakePercent': 0.048, 'BuyTakePercent': 0.048}",277,201,0 days 09:14:00,0 days 00:13:51,-0.9998,-2626812.754883384
127,100000,10,0.0001,380T,200.0,272T,"{'BuyLossPercent': 0.002, 'SellLossPercent': 0.002}","{'SellTakePercent': 0.048, 'BuyTakePercent': 0.048}",380,272,0 days 12:40:00,0 days 00:19:00,-0.9997,-306397.54073428904
128,100000,10,0.0001,794T,106.66666666666666,308T,"{'BuyLossPercent': 0.002, 'SellLossPercent': 0.002}","{'SellTakePercent': 0.01, 'BuyTakePercent': 0.01}",794,308,1 days 02:28:00,0 days 02:38:48,-1.0,-4202077.4217984285
129,100000,10,0.0001,277T,60.0,237T,"{'BuyLossPercent': 0.002, 'SellLossPercent': 0.002}","{'SellTakePercent': 0.035333333333333335, 'BuyTakePercent': 0.035333333333333335}",277,237,0 days 09:14:00,0 days 00:13:51,-1.0,-2414156.447905485
130,100000,10,0.0001,950T,200.0,414T,"{'BuyLossPercent': 0.002, 'SellLossPercent': 0.002}","{'SellTakePercent': 0.035333333333333335, 'BuyTakePercent': 0.035333333333333335}",950,414,1 days 07:40:00,0 days 00:47:30,-1.0001,-1081307.2293013067
131,100000,10,0.0001,898T,60.0,60T,"{'BuyLossPercent': 0.007333333333333334, 'SellLossPercent': 0.007333333333333334}","{'SellTakePercent': 0.035333333333333335, 'BuyTakePercent': 0.035333333333333335}",898,60,1 days 05:56:00,0 days 02:59:36,-1.0001,-1197071.8292334112
132,100000,10,0.0001,225T,200.0,343T,"{'BuyLossPercent': 0.007333333333333334, 'SellLossPercent': 0.007333333333333334}","{'SellTakePercent': 0.01, 'BuyTakePercent': 0.01}",225,343,0 days 07:30:00,0 days 00:45:00,-0.984,-42902.97251366286
133,100000,10,0.0001,225T,153.33333333333331,166T,"{'BuyLossPercent': 0.018000000000000002, 'SellLossPercent': 0.018000000000000002}","{'SellTakePercent': 0.048, 'BuyTakePercent': 0.048}",225,166,0 days 07:30:00,0 days 00:45:00,-0.9913,-46209.64521509761
134,100000,10,0.0001,173T,200.0,272T,"{'BuyLossPercent': 0.002, 'SellLossPercent': 0.002}","{'SellTakePercent': 0.01, 'BuyTakePercent': 0.01}",173,272,0 days 05:46:00,0 days 00:34:36,-1.0015,-141972.39037083086
135,100000,10,0.0001,898T,200.0,272T,"{'BuyLossPercent': 0.007333333333333334, 'SellLossPercent': 0.007333333333333334}","{'SellTakePercent': 0.022666666666666665, 'BuyTakePercent': 0.022666666666666665}",898,272,1 days 05:56:00,0 days 00:44:54,-1.0005,-143633.1584808144
136,100000,10,0.0001,587T,200.0,308T,"{'BuyLossPercent': 0.012666666666666666, 'SellLossPercent': 0.012666666666666666}","{'SellTakePercent': 0.048, 'BuyTakePercent': 0.048}",587,308,0 days 19:34:00,0 days 00:29:21,-0.9867,-58301.69302379218
137,100000,10,0.0001,950T,60.0,379T,"{'BuyLossPercent': 0.007333333333333334, 'SellLossPercent': 0.007333333333333334}","{'SellTakePercent': 0.022666666666666665, 'BuyTakePercent': 0.022666666666666665}",950,379,1 days 07:40:00,0 days 03:10:00,-0.9999,-850727.2779918467
138,100000,10,0.0001,432T,106.66666666666666,130T,"{'BuyLossPercent': 0.002, 'SellLossPercent': 0.002}","{'SellTakePercent': 0.035333333333333335, 'BuyTakePercent': 0.035333333333333335}",432,130,0 days 14:24:00,0 days 01:26:24,-0.9999,-2050214.0631769416
139,100000,10,0.0001,121T,60.0,60T,"{'BuyLossPercent': 0.007333333333333334, 'SellLossPercent': 0.007333333333333334}","{'SellTakePercent': 0.01, 'BuyTakePercent': 0.01}",121,60,0 days 04:02:00,0 days 00:24:12,-1.0006,-249949.5920865016
140,100000,10,0.0001,380T,60.0,379T,"{'BuyLossPercent': 0.002, 'SellLossPercent': 0.002}","{'SellTakePercent': 0.035333333333333335, 'BuyTakePercent': 0.035333333333333335}",380,379,0 days 12:40:00,0 days 01:16:00,-1.0,-2965882.0813468127
141,100000,10,0.0001,639T,60.0,308T,"{'BuyLossPercent': 0.002, 'SellLossPercent': 0.002}","{'SellTakePercent': 0.035333333333333335, 'BuyTakePercent': 0.035333333333333335}",639,308,0 days 21:18:00,0 days 02:07:48,-1.0,-6589760.766923665
142,100000,10,0.0001,484T,153.33333333333331,343T,"{'BuyLossPercent': 0.012666666666666666, 'SellLossPercent': 0.012666666666666666}","{'SellTakePercent': 0.035333333333333335, 'BuyTakePercent': 0.035333333333333335}",484,343,0 days 16:08:00,0 days 01:36:48,-0.9737,-76352.56646445025
143,100000,10,0.0001,121T,106.66666666666666,450T,"{'BuyLossPercent': 0.002, 'SellLossPercent': 0.002}","{'SellTakePercent': 0.035333333333333335, 'BuyTakePercent': 0.035333333333333335}",121,450,0 days 04:02:00,0 days 00:06:03,-0.9963,-315851.0561972514
144,100000,10,0.0001,484T,60.0,414T,"{'BuyLossPercent': 0.002, 'SellLossPercent': 0.002}","{'SellTakePercent': 0.01, 'BuyTakePercent': 0.01}",484,414,0 days 16:08:00,0 days 00:24:12,-1.0,-4643913.309820792
145,100000,10,0.0001,691T,106.66666666666666,414T,"{'BuyLossPercent': 0.007333333333333334, 'SellLossPercent': 0.007333333333333334}","{'SellTakePercent': 0.022666666666666665, 'BuyTakePercent': 0.022666666666666665}",691,414,0 days 23:02:00,0 days 00:34:33,-0.9936,-205727.14460506875
146,100000,10,0.0001,742T,60.0,60T,"{'BuyLossPercent': 0.007333333333333334, 'SellLossPercent': 0.007333333333333334}","{'SellTakePercent': 0.022666666666666665, 'BuyTakePercent': 0.022666666666666665}",742,60,1 days 00:44:00,0 days 00:37:06,-0.9996,-977287.0433539478
147,100000,10,0.0001,328T,153.33333333333331,379T,"{'BuyLossPercent': 0.007333333333333334, 'SellLossPercent': 0.007333333333333334}","{'SellTakePercent': 0.035333333333333335, 'BuyTakePercent': 0.035333333333333335}",328,379,0 days 10:56:00,0 days 00:16:24,-0.8175,-28035.62599995675
148,100000,10,0.0001,380T,153.33333333333331,95T,"{'BuyLossPercent': 0.007333333333333334, 'SellLossPercent': 0.007333333333333334}","{'SellTakePercent': 0.048, 'BuyTakePercent': 0.048}",380,95,0 days 12:40:00,0 days 00:19:00,-0.9896,-128943.5974733795
149,100000,10,0.0001,173T,200.0,166T,"{'BuyLossPercent': 0.012666666666666666, 'SellLossPercent': 0.012666666666666666}","{'SellTakePercent': 0.022666666666666665, 'BuyTakePercent': 0.022666666666666665}",173,166,0 days 05:46:00,0 days 00:34:36,-0.8498,-21236.04277893352
150,100000,10,0.0001,277T,200.0,379T,"{'BuyLossPercent': 0.012666666666666666, 'SellLossPercent': 0.012666666666666666}","{'SellTakePercent': 0.01, 'BuyTakePercent': 0.01}",277,379,0 days 09:14:00,0 days 00:13:51,-0.8903,-26147.339126823743
151,100000,10,0.0001,691T,106.66666666666666,343T,"{'BuyLossPercent': 0.007333333333333334, 'SellLossPercent': 0.007333333333333334}","{'SellTakePercent': 0.022666666666666665, 'BuyTakePercent': 0.022666666666666665}",691,343,0 days 23:02:00,0 days 02:18:12,-0.9995,-262598.7034634888
152,100000,10,0.0001,380T,60.0,343T,"{'BuyLossPercent': 0.018000000000000002, 'SellLossPercent': 0.018000000000000002}","{'SellTakePercent': 0.022666666666666665, 'BuyTakePercent': 0.022666666666666665}",380,343,0 days 12:40:00,0 days 01:16:00,-1.0019,-141931.41283271086
153,100000,10,0.0001,742T,60.0,450T,"{'BuyLossPercent': 0.012666666666666666, 'SellLossPercent': 0.012666666666666666}","{'SellTakePercent': 0.048, 'BuyTakePercent': 0.048}",742,450,1 days 00:44:00,0 days 00:37:06,-0.9878,-100929.79043627453
154,100000,10,0.0001,639T,153.33333333333331,450T,"{'BuyLossPercent': 0.018000000000000002, 'SellLossPercent': 0.018000000000000002}","{'SellTakePercent': 0.022666666666666665, 'BuyTakePercent': 0.022666666666666665}",639,450,0 days 21:18:00,0 days 00:31:57,-0.9725,-64190.48026666001
155,100000,10,0.0001,380T,106.66666666666666,95T,"{'BuyLossPercent': 0.007333333333333334, 'SellLossPercent': 0.007333333333333334}","{'SellTakePercent': 0.01, 'BuyTakePercent': 0.01}",380,95,0 days 12:40:00,0 days 01:16:00,-0.9998,-269575.1052553449
156,100000,10,0.0001,898T,106.66666666666666,130T,"{'BuyLossPercent': 0.002, 'SellLossPercent': 0.002}","{'SellTakePercent': 0.022666666666666665, 'BuyTakePercent': 0.022666666666666665}",898,130,1 days 05:56:00,0 days 02:59:36,-1.0,-5289952.535475004
157,100000,10,0.0001,225T,106.66666666666666,237T,"{'BuyLossPercent': 0.012666666666666666, 'SellLossPercent': 0.012666666666666666}","{'SellTakePercent': 0.048, 'BuyTakePercent': 0.048}",225,237,0 days 07:30:00,0 days 00:11:15,-0.9632,-60578.66758010643
158,100000,10,0.0001,950T,60.0,237T,"{'BuyLossPercent': 0.012666666666666666, 'SellLossPercent': 0.012666666666666666}","{'SellTakePercent': 0.035333333333333335, 'BuyTakePercent': 0.035333333333333335}",950,237,1 days 07:40:00,0 days 00:47:30,-1.0008,-457671.8647037961
159,100000,10,0.0001,535T,153.33333333333331,95T,"{'BuyLossPercent': 0.018000000000000002, 'SellLossPercent': 0.018000000000000002}","{'SellTakePercent': 0.048, 'BuyTakePercent': 0.048}",535,95,0 days 17:50:00,0 days 01:47:00,-0.9902,-124505.66276036999
160,100000,10,0.0001,950T,106.66666666666666,130T,"{'BuyLossPercent': 0.007333333333333334, 'SellLossPercent': 0.007333333333333334}","{'SellTakePercent': 0.035333333333333335, 'BuyTakePercent': 0.035333333333333335}",950,130,1 days 07:40:00,0 days 03:10:00,-0.9999,-497959.0956570255
161,100000,10,0.0001,535T,153.33333333333331,379T,"{'BuyLossPercent': 0.018000000000000002, 'SellLossPercent': 0.018000000000000002}","{'SellTakePercent': 0.022666666666666665, 'BuyTakePercent': 0.022666666666666665}",535,379,0 days 17:50:00,0 days 00:26:45,-0.9635,-65236.20109170987
162,100000,10,0.0001,691T,106.66666666666666,343T,"{'BuyLossPercent': 0.018000000000000002, 'SellLossPercent': 0.018000000000000002}","{'SellTakePercent': 0.022666666666666665, 'BuyTakePercent': 0.022666666666666665}",691,343,0 days 23:02:00,0 days 00:34:33,-0.999,-120501.83145580263
163,100000,10,0.0001,173T,60.0,201T,"{'BuyLossPercent': 0.012666666666666666, 'SellLossPercent': 0.012666666666666666}","{'SellTakePercent': 0.022666666666666665, 'BuyTakePercent': 0.022666666666666665}",173,201,0 days 05:46:00,0 days 00:34:36,-1.0052,-117229.19723526482
164,100000,10,0.0001,846T,200.0,166T,"{'BuyLossPercent': 0.018000000000000002, 'SellLossPercent': 0.018000000000000002}","{'SellTakePercent': 0.01, 'BuyTakePercent': 0.01}",846,166,1 days 04:12:00,0 days 00:42:18,-0.9936,-41302.038594504156
165,100000,10,0.0001,121T,153.33333333333331,166T,"{'BuyLossPercent': 0.007333333333333334, 'SellLossPercent': 0.007333333333333334}","{'SellTakePercent': 0.035333333333333335, 'BuyTakePercent': 0.035333333333333335}",121,166,0 days 04:02:00,0 days 00:24:12,-0.9862,-54537.87334210456
166,100000,10,0.0001,121T,200.0,343T,"{'BuyLossPercent': 0.007333333333333334, 'SellLossPercent': 0.007333333333333334}","{'SellTakePercent': 0.035333333333333335, 'BuyTakePercent': 0.035333333333333335}",121,343,0 days 04:02:00,0 days 00:24:12,-0.4402,-6060.33154168034
167,100000,10,0.0001,950T,153.33333333333331,201T,"{'BuyLossPercent': 0.002, 'SellLossPercent': 0.002}","{'SellTakePercent': 0.01, 'BuyTakePercent': 0.01}",950,201,1 days 07:40:00,0 days 00:47:30,-1.0001,-2831070.6534697674
168,100000,10,0.0001,277T,60.0,272T,"{'BuyLossPercent': 0.007333333333333334, 'SellLossPercent': 0.007333333333333334}","{'SellTakePercent': 0.022666666666666665, 'BuyTakePercent': 0.022666666666666665}",277,272,0 days 09:14:00,0 days 00:55:24,-0.9986,-196459.90312749532
169,100000,10,0.0001,691T,60.0,379T,"{'BuyLossPercent': 0.002, 'SellLossPercent': 0.002}","{'SellTakePercent': 0.035333333333333335, 'BuyTakePercent': 0.035333333333333335}",691,379,0 days 23:02:00,0 days 02:18:12,-1.0,-6775219.3505724175
170,100000,10,0.0001,691T,153.33333333333331,60T,"{'BuyLossPercent': 0.012666666666666666, 'SellLossPercent': 0.012666666666666666}","{'SellTakePercent': 0.035333333333333335, 'BuyTakePercent': 0.035333333333333335}",691,60,0 days 23:02:00,0 days 00:34:33,-0.9988,-192290.91466290195
171,100000,10,0.0001,277T,106.66666666666666,414T,"{'BuyLossPercent': 0.012666666666666666, 'SellLossPercent': 0.012666666666666666}","{'SellTakePercent': 0.022666666666666665, 'BuyTakePercent': 0.022666666666666665}",277,414,0 days 09:14:00,0 days 00:13:51,-0.988,-81343.18847005806
172,100000,10,0.0001,225T,200.0,343T,"{'BuyLossPercent': 0.018000000000000002, 'SellLossPercent': 0.018000000000000002}","{'SellTakePercent': 0.01, 'BuyTakePercent': 0.01}",225,343,0 days 07:30:00,0 days 00:45:00,-0.9637,-18482.97541082238
173,100000,10,0.0001,950T,106.66666666666666,272T,"{'BuyLossPercent': 0.002, 'SellLossPercent': 0.002}","{'SellTakePercent': 0.035333333333333335, 'BuyTakePercent': 0.035333333333333335}",950,272,1 days 07:40:00,0 days 00:47:30,-1.0,-5732161.987806076
174,100000,10,0.0001,328T,200.0,237T,"{'BuyLossPercent': 0.007333333333333334, 'SellLossPercent': 0.007333333333333334}","{'SellTakePercent': 0.048, 'BuyTakePercent': 0.048}",328,237,0 days 10:56:00,0 days 01:05:36,-0.755,-27913.580020529218
175,100000,10,0.0001,121T,60.0,272T,"{'BuyLossPercent': 0.018000000000000002, 'SellLossPercent': 0.018000000000000002}","{'SellTakePercent': 0.048, 'BuyTakePercent': 0.048}",121,272,0 days 04:02:00,0 days 00:24:12,-0.9858,-67384.66491642898
176,100000,10,0.0001,380T,106.66666666666666,201T,"{'BuyLossPercent': 0.018000000000000002, 'SellLossPercent': 0.018000000000000002}","{'SellTakePercent': 0.022666666666666665, 'BuyTakePercent': 0.022666666666666665}",380,201,0 days 12:40:00,0 days 00:19:00,-1.0024,-99974.94374899729
177,100000,10,0.0001,121T,60.0,379T,"{'BuyLossPercent': 0.018000000000000002, 'SellLossPercent': 0.018000000000000002}","{'SellTakePercent': 0.01, 'BuyTakePercent': 0.01}",121,379,0 days 04:02:00,0 days 00:24:12,-0.9835,-56341.28922761535
178,100000,10,0.0001,846T,200.0,308T,"{'BuyLossPercent': 0.007333333333333334, 'SellLossPercent': 0.007333333333333334}","{'SellTakePercent': 0.048, 'BuyTakePercent': 0.048}",846,308,1 days 04:12:00,0 days 02:49:12,-0.9483,-79302.11872884103
179,100000,10,0.0001,898T,200.0,60T,"{'BuyLossPercent': 0.012666666666666666, 'SellLossPercent': 0.012666666666666666}","{'SellTakePercent': 0.01, 'BuyTakePercent': 0.01}",898,60,1 days 05:56:00,0 days 00:44:54,-0.998,-131479.29581467505
180,100000,10,0.0001,121T,153.33333333333331,60T,"{'BuyLossPercent': 0.018000000000000002, 'SellLossPercent': 0.018000000000000002}","{'SellTakePercent': 0.022666666666666665, 'BuyTakePercent': 0.022666666666666665}",121,60,0 days 04:02:00,0 days 00:06:03,-0.9975,-75052.15508848334
181,100000,10,0.0001,950T,200.0,450T,"{'BuyLossPercent': 0.007333333333333334, 'SellLossPercent': 0.007333333333333334}","{'SellTakePercent': 0.022666666666666665, 'BuyTakePercent': 0.022666666666666665}",950,450,1 days 07:40:00,0 days 03:10:00,-0.9993,-145174.2925603818
182,100000,10,0.0001,380T,153.33333333333331,450T,"{'BuyLossPercent': 0.002, 'SellLossPercent': 0.002}","{'SellTakePercent': 0.022666666666666665, 'BuyTakePercent': 0.022666666666666665}",380,450,0 days 12:40:00,0 days 01:16:00,-0.9985,-618719.5084509025
183,100000,10,0.0001,432T,106.66666666666666,379T,"{'BuyLossPercent': 0.007333333333333334, 'SellLossPercent': 0.007333333333333334}","{'SellTakePercent': 0.048, 'BuyTakePercent': 0.048}",432,379,0 days 14:24:00,0 days 01:26:24,-0.9862,-132088.06789574624
184,100000,10,0.0001,328T,106.66666666666666,379T,"{'BuyLossPercent': 0.018000000000000002, 'SellLossPercent': 0.018000000000000002}","{'SellTakePercent': 0.01, 'BuyTakePercent': 0.01}",328,379,0 days 10:56:00,0 days 01:05:36,-0.9996,-85569.89510240668
185,100000,10,0.0001,639T,106.66666666666666,95T,"{'BuyLossPercent': 0.007333333333333334, 'SellLossPercent': 0.007333333333333334}","{'SellTakePercent': 0.035333333333333335, 'BuyTakePercent': 0.035333333333333335}",639,95,0 days 21:18:00,0 days 02:07:48,-1.0002,-414149.01527268015
186,100000,10,0.0001,846T,200.0,166T,"{'BuyLossPercent': 0.007333333333333334, 'SellLossPercent': 0.007333333333333334}","{'SellTakePercent': 0.035333333333333335, 'BuyTakePercent': 0.035333333333333335}",846,166,1 days 04:12:00,0 days 00:42:18,-0.9982,-152063.26714278545
187,100000,10,0.0001,587T,106.66666666666666,237T,"{'BuyLossPercent': 0.007333333333333334, 'SellLossPercent': 0.007333333333333334}","{'SellTakePercent': 0.022666666666666665, 'BuyTakePercent': 0.022666666666666665}",587,237,0 days 19:34:00,0 days 00:29:21,-0.9992,-183270.4090667836
188,100000,10,0.0001,70T,106.66666666666666,201T,"{'BuyLossPercent': 0.002, 'SellLossPercent': 0.002}","{'SellTakePercent': 0.022666666666666665, 'BuyTakePercent': 0.022666666666666665}",70,201,0 days 02:20:00,0 days 00:03:30,-1.0011,-183999.5461441608
189,100000,10,0.0001,898T,200.0,272T,"{'BuyLossPercent': 0.012666666666666666, 'SellLossPercent': 0.012666666666666666}","{'SellTakePercent': 0.048, 'BuyTakePercent': 0.048}",898,272,1 days 05:56:00,0 days 02:59:36,-1.001,-73058.88521521733
190,100000,10,0.0001,121T,153.33333333333331,130T,"{'BuyLossPercent': 0.018000000000000002, 'SellLossPercent': 0.018000000000000002}","{'SellTakePercent': 0.048, 'BuyTakePercent': 0.048}",121,130,0 days 04:02:00,0 days 00:06:03,-0.9819,-43314.315257138995
191,100000,10,0.0001,742T,200.0,130T,"{'BuyLossPercent': 0.012666666666666666, 'SellLossPercent': 0.012666666666666666}","{'SellTakePercent': 0.01, 'BuyTakePercent': 0.01}",742,130,1 days 00:44:00,0 days 00:37:06,-0.9934,-83661.93210345034
192,100000,10,0.0001,950T,106.66666666666666,414T,"{'BuyLossPercent': 0.007333333333333334, 'SellLossPercent': 0.007333333333333334}","{'SellTakePercent': 0.035333333333333335, 'BuyTakePercent': 0.035333333333333335}",950,414,1 days 07:40:00,0 days 00:47:30,-0.9999,-342302.6386914939
193,100000,10,0.0001,121T,153.33333333333331,60T,"{'BuyLossPercent': 0.007333333333333334, 'SellLossPercent': 0.007333333333333334}","{'SellTakePercent': 0.022666666666666665, 'BuyTakePercent': 0.022666666666666665}",121,60,0 days 04:02:00,0 days 00:24:12,-0.9977,-93500.66761141544
194,100000,10,0.0001,173T,106.66666666666666,379T,"{'BuyLossPercent': 0.018000000000000002, 'SellLossPercent': 0.018000000000000002}","{'SellTakePercent': 0.01, 'BuyTakePercent': 0.01}",173,379,0 days 05:46:00,0 days 00:08:39,-0.9488,-46106.95300734803
195,100000,10,0.0001,691T,60.0,60T,"{'BuyLossPercent': 0.012666666666666666, 'SellLossPercent': 0.012666666666666666}","{'SellTakePercent': 0.035333333333333335, 'BuyTakePercent': 0.035333333333333335}",691,60,0 days 23:02:00,0 days 00:34:33,-0.9999,-547874.8925221933
196,100000,10,0.0001,587T,200.0,379T,"{'BuyLossPercent': 0.007333333333333334, 'SellLossPercent': 0.007333333333333334}","{'SellTakePercent': 0.022666666666666665, 'BuyTakePercent': 0.022666666666666665}",587,379,0 days 19:34:00,0 days 00:29:21,-0.9743,-87526.31486002845
197,100000,10,0.0001,691T,153.33333333333331,237T,"{'BuyLossPercent': 0.012666666666666666, 'SellLossPercent': 0.012666666666666666}","{'SellTakePercent': 0.022666666666666665, 'BuyTakePercent': 0.022666666666666665}",691,237,0 days 23:02:00,0 days 02:18:12,-0.9921,-89393.47546035629
198,100000,10,0.0001,742T,153.33333333333331,308T,"{'BuyLossPercent': 0.002, 'SellLossPercent': 0.002}","{'SellTakePercent': 0.022666666666666665, 'BuyTakePercent': 0.022666666666666665}",742,308,1 days 00:44:00,0 days 02:28:24,-1.0,-1805915.3856269522
199,100000,10,0.0001,484T,106.66666666666666,166T,"{'BuyLossPercent': 0.018000000000000002, 'SellLossPercent': 0.018000000000000002}","{'SellTakePercent': 0.048, 'BuyTakePercent': 0.048}",484,166,0 days 16:08:00,0 days 00:24:12,-0.9894,-86250.28975503592
200,100000,10,0.0001,432T,60.0,308T,"{'BuyLossPercent': 0.007333333333333334, 'SellLossPercent': 0.007333333333333334}","{'SellTakePercent': 0.022666666666666665, 'BuyTakePercent': 0.022666666666666665}",432,308,0 days 14:24:00,0 days 00:21:36,-0.9995,-433612.0895606535
201,100000,10,0.0001,328T,153.33333333333331,379T,"{'BuyLossPercent': 0.012666666666666666, 'SellLossPercent': 0.012666666666666666}","{'SellTakePercent': 0.022666666666666665, 'BuyTakePercent': 0.022666666666666665}",328,379,0 days 10:56:00,0 days 01:05:36,-0.8988,-42156.54411261661
202,100000,10,0.0001,794T,60.0,237T,"{'BuyLossPercent': 0.002, 'SellLossPercent': 0.002}","{'SellTakePercent': 0.035333333333333335, 'BuyTakePercent': 0.035333333333333335}",794,237,1 days 02:28:00,0 days 00:39:42,-1.0,-9210539.030197334
203,100000,10,0.0001,432T,106.66666666666666,130T,"{'BuyLossPercent': 0.012666666666666666, 'SellLossPercent': 0.012666666666666666}","{'SellTakePercent': 0.035333333333333335, 'BuyTakePercent': 0.035333333333333335}",432,130,0 days 14:24:00,0 days 01:26:24,-0.9965,-167539.2838303672
204,100000,10,0.0001,121T,200.0,237T,"{'BuyLossPercent': 0.012666666666666666, 'SellLossPercent': 0.012666666666666666}","{'SellTakePercent': 0.022666666666666665, 'BuyTakePercent': 0.022666666666666665}",121,237,0 days 04:02:00,0 days 00:06:03,-0.8625,-25862.130949162183
205,100000,10,0.0001,846T,60.0,130T,"{'BuyLossPercent': 0.002, 'SellLossPercent': 0.002}","{'SellTakePercent': 0.048, 'BuyTakePercent': 0.048}",846,130,1 days 04:12:00,0 days 00:42:18,-1.0,-10578497.388358308
206,100000,10,0.0001,380T,153.33333333333331,201T,"{'BuyLossPercent': 0.018000000000000002, 'SellLossPercent': 0.018000000000000002}","{'SellTakePercent': 0.048, 'BuyTakePercent': 0.048}",380,201,0 days 12:40:00,0 days 00:19:00,-0.9893,-60572.911319222716
207,100000,10,0.0001,846T,200.0,95T,"{'BuyLossPercent': 0.018000000000000002, 'SellLossPercent': 0.018000000000000002}","{'SellTakePercent': 0.035333333333333335, 'BuyTakePercent': 0.035333333333333335}",846,95,1 days 04:12:00,0 days 00:42:18,-0.9941,-66283.62231332273
208,100000,10,0.0001,742T,106.66666666666666,343T,"{'BuyLossPercent': 0.018000000000000002, 'SellLossPercent': 0.018000000000000002}","{'SellTakePercent': 0.035333333333333335, 'BuyTakePercent': 0.035333333333333335}",742,343,1 days 00:44:00,0 days 02:28:24,-0.9989,-99803.83168869569
209,100000,10,0.0001,587T,60.0,130T,"{'BuyLossPercent': 0.007333333333333334, 'SellLossPercent': 0.007333333333333334}","{'SellTakePercent': 0.01, 'BuyTakePercent': 0.01}",587,130,0 days 19:34:00,0 days 01:57:24,-0.9997,-577473.7150605273
210,100000,10,0.0001,121T,200.0,450T,"{'BuyLossPercent': 0.007333333333333334, 'SellLossPercent': 0.007333333333333334}","{'SellTakePercent': 0.022666666666666665, 'BuyTakePercent': 0.022666666666666665}",121,450,0 days 04:02:00,0 days 00:24:12,-0.8954,-32022.994086328534
211,100000,10,0.0001,846T,153.33333333333331,308T,"{'BuyLossPercent': 0.007333333333333334, 'SellLossPercent': 0.007333333333333334}","{'SellTakePercent': 0.048, 'BuyTakePercent': 0.048}",846,308,1 days 04:12:00,0 days 00:42:18,-0.9929,-178243.87578662776
212,100000,10,0.0001,173T,200.0,60T,"{'BuyLossPercent': 0.002, 'SellLossPercent': 0.002}","{'SellTakePercent': 0.01, 'BuyTakePercent': 0.01}",173,60,0 days 05:46:00,0 days 00:34:36,-1.0007,-190218.83132829756
213,100000,10,0.0001,380T,200.0,414T,"{'BuyLossPercent': 0.007333333333333334, 'SellLossPercent': 0.007333333333333334}","{'SellTakePercent': 0.048, 'BuyTakePercent': 0.048}",380,414,0 days 12:40:00,0 days 01:16:00,-0.9411,-49986.16712992431
214,100000,10,0.0001,380T,106.66666666666666,201T,"{'BuyLossPercent': 0.018000000000000002, 'SellLossPercent': 0.018000000000000002}","{'SellTakePercent': 0.048, 'BuyTakePercent': 0.048}",380,201,0 days 12:40:00,0 days 01:16:00,-0.9994,-118930.67030774597
215,100000,10,0.0001,225T,153.33333333333331,308T,"{'BuyLossPercent': 0.002, 'SellLossPercent': 0.002}","{'SellTakePercent': 0.01, 'BuyTakePercent': 0.01}",225,308,0 days 07:30:00,0 days 00:11:15,-0.997,-355984.755495471
216,100000,10,0.0001,535T,153.33333333333331,343T,"{'BuyLossPercent': 0.002, 'SellLossPercent': 0.002}","{'SellTakePercent': 0.048, 'BuyTakePercent': 0.048}",535,343,0 days 17:50:00,0 days 00:26:45,-0.9989,-1043720.0297020315
217,100000,10,0.0001,535T,60.0,201T,"{'BuyLossPercent': 0.007333333333333334, 'SellLossPercent': 0.007333333333333334}","{'SellTakePercent': 0.048, 'BuyTakePercent': 0.048}",535,201,0 days 17:50:00,0 days 01:47:00,-0.9991,-394475.1618534132
218,100000,10,0.0001,587T,153.33333333333331,272T,"{'BuyLossPercent': 0.002, 'SellLossPercent': 0.002}","{'SellTakePercent': 0.01, 'BuyTakePercent': 0.01}",587,272,0 days 19:34:00,0 days 00:29:21,-0.9995,-1323854.8059323446
219,100000,10,0.0001,691T,153.33333333333331,95T,"{'BuyLossPercent': 0.018000000000000002, 'SellLossPercent': 0.018000000000000002}","{'SellTakePercent': 0.035333333333333335, 'BuyTakePercent': 0.035333333333333335}",691,95,0 days 23:02:00,0 days 00:34:33,-0.999,-149282.50666525986
220,100000,10,0.0001,691T,200.0,130T,"{'BuyLossPercent': 0.018000000000000002, 'SellLossPercent': 0.018000000000000002}","{'SellTakePercent': 0.01, 'BuyTakePercent': 0.01}",691,130,0 days 23:02:00,0 days 02:18:12,-0.9942,-52517.624777659796
221,100000,10,0.0001,173T,106.66666666666666,414T,"{'BuyLossPercent': 0.002, 'SellLossPercent': 0.002}","{'SellTakePercent': 0.035333333333333335, 'BuyTakePercent': 0.035333333333333335}",173,414,0 days 05:46:00,0 days 00:34:36,-0.9996,-443706.51573666907
222,100000,10,0.0001,639T,106.66666666666666,308T,"{'BuyLossPercent': 0.007333333333333334, 'SellLossPercent': 0.007333333333333334}","{'SellTakePercent': 0.01, 'BuyTakePercent': 0.01}",639,308,0 days 21:18:00,0 days 02:07:48,-0.9997,-312521.7555115216
223,100000,10,0.0001,742T,106.66666666666666,308T,"{'BuyLossPercent': 0.018000000000000002, 'SellLossPercent': 0.018000000000000002}","{'SellTakePercent': 0.022666666666666665, 'BuyTakePercent': 0.022666666666666665}",742,308,1 days 00:44:00,0 days 00:37:06,-0.9983,-120806.02776571448
224,100000,10,0.0001,950T,153.33333333333331,130T,"{'BuyLossPercent': 0.018000000000000002, 'SellLossPercent': 0.018000000000000002}","{'SellTakePercent': 0.048, 'BuyTakePercent': 0.048}",950,130,1 days 07:40:00,0 days 00:47:30,-0.9986,-118634.27608935745
225,100000,10,0.0001,639T,153.33333333333331,414T,"{'BuyLossPercent': 0.002, 'SellLossPercent': 0.002}","{'SellTakePercent': 0.01, 'BuyTakePercent': 0.01}",639,414,0 days 21:18:00,0 days 00:31:57,-0.9998,-1351981.3392979573
226,100000,10,0.0001,898T,200.0,308T,"{'BuyLossPercent': 0.018000000000000002, 'SellLossPercent': 0.018000000000000002}","{'SellTakePercent': 0.022666666666666665, 'BuyTakePercent': 0.022666666666666665}",898,308,1 days 05:56:00,0 days 00:44:54,-0.9616,-23981.336354100942
227,100000,10,0.0001,484T,200.0,414T,"{'BuyLossPercent': 0.012666666666666666, 'SellLossPercent': 0.012666666666666666}","{'SellTakePercent': 0.048, 'BuyTakePercent': 0.048}",484,414,0 days 16:08:00,0 days 00:24:12,-0.6767,-18360.999150786996
228,100000,10,0.0001,484T,153.33333333333331,379T,"{'BuyLossPercent': 0.002, 'SellLossPercent': 0.002}","{'SellTakePercent': 0.01, 'BuyTakePercent': 0.01}",484,379,0 days 16:08:00,0 days 01:36:48,-0.9984,-909925.528431252
229,100000,10,0.0001,173T,106.66666666666666,60T,"{'BuyLossPercent': 0.018000000000000002, 'SellLossPercent': 0.018000000000000002}","{'SellTakePercent': 0.022666666666666665, 'BuyTakePercent': 0.022666666666666665}",173,60,0 days 05:46:00,0 days 00:08:39,-0.9995,-184046.2031360253
230,100000,10,0.0001,225T,106.66666666666666,95T,"{'BuyLossPercent': 0.002, 'SellLossPercent': 0.002}","{'SellTakePercent': 0.01, 'BuyTakePercent': 0.01}",225,95,0 days 07:30:00,0 days 00:45:00,-0.9999,-918006.7423212314
231,100000,10,0.0001,70T,153.33333333333331,450T,"{'BuyLossPercent': 0.007333333333333334, 'SellLossPercent': 0.007333333333333334}","{'SellTakePercent': 0.022666666666666665, 'BuyTakePercent': 0.022666666666666665}",70,450,0 days 02:20:00,0 days 00:14:00,-0.6993,-12133.57997330016
232,100000,10,0.0001,639T,200.0,201T,"{'BuyLossPercent': 0.018000000000000002, 'SellLossPercent': 0.018000000000000002}","{'SellTakePercent': 0.01, 'BuyTakePercent': 0.01}",639,201,0 days 21:18:00,0 days 02:07:48,-0.9767,-40586.39531975568
233,100000,10,0.0001,380T,153.33333333333331,379T,"{'BuyLossPercent': 0.007333333333333334, 'SellLossPercent': 0.007333333333333334}","{'SellTakePercent': 0.035333333333333335, 'BuyTakePercent': 0.035333333333333335}",380,379,0 days 12:40:00,0 days 00:19:00,-0.9004,-44157.213931516155
234,100000,10,0.0001,328T,153.33333333333331,343T,"{'BuyLossPercent': 0.002, 'SellLossPercent': 0.002}","{'SellTakePercent': 0.048, 'BuyTakePercent': 0.048}",328,343,0 days 10:56:00,0 days 01:05:36,-0.9987,-500112.56064648303
235,100000,10,0.0001,587T,153.33333333333331,166T,"{'BuyLossPercent': 0.007333333333333334, 'SellLossPercent': 0.007333333333333334}","{'SellTakePercent': 0.035333333333333335, 'BuyTakePercent': 0.035333333333333335}",587,166,0 days 19:34:00,0 days 01:57:24,-0.9899,-187533.94254597713
236,100000,10,0.0001,173T,200.0,166T,"{'BuyLossPercent': 0.002, 'SellLossPercent': 0.002}","{'SellTakePercent': 0.01, 'BuyTakePercent': 0.01}",173,166,0 days 05:46:00,0 days 00:34:36,-1.001,-142898.73182942966
237,100000,10,0.0001,691T,153.33333333333331,308T,"{'BuyLossPercent': 0.012666666666666666, 'SellLossPercent': 0.012666666666666666}","{'SellTakePercent': 0.048, 'BuyTakePercent': 0.048}",691,308,0 days 23:02:00,0 days 00:34:33,-0.9974,-80285.04500128748
238,100000,10,0.0001,328T,60.0,272T,"{'BuyLossPercent': 0.007333333333333334, 'SellLossPercent': 0.007333333333333334}","{'SellTakePercent': 0.01, 'BuyTakePercent': 0.01}",328,272,0 days 10:56:00,0 days 00:16:24,-0.998,-312885.7519165087
239,100000,10,0.0001,639T,200.0,201T,"{'BuyLossPercent': 0.018000000000000002, 'SellLossPercent': 0.018000000000000002}","{'SellTakePercent': 0.035333333333333335, 'BuyTakePercent': 0.035333333333333335}",639,201,0 days 21:18:00,0 days 02:07:48,-0.9379,-25064.3337358202
240,100000,10,0.0001,225T,153.33333333333331,130T,"{'BuyLossPercent': 0.018000000000000002, 'SellLossPercent': 0.018000000000000002}","{'SellTakePercent': 0.035333333333333335, 'BuyTakePercent': 0.035333333333333335}",225,130,0 days 07:30:00,0 days 00:45:00,-0.9909,-52307.45259545977
241,100000,10,0.0001,225T,106.66666666666666,308T,"{'BuyLossPercent': 0.007333333333333334, 'SellLossPercent': 0.007333333333333334}","{'SellTakePercent': 0.01, 'BuyTakePercent': 0.01}",225,308,0 days 07:30:00,0 days 00:11:15,-0.9848,-118199.23802961655
242,100000,10,0.0001,846T,60.0,414T,"{'BuyLossPercent': 0.018000000000000002, 'SellLossPercent': 0.018000000000000002}","{'SellTakePercent': 0.048, 'BuyTakePercent': 0.048}",846,414,1 days 04:12:00,0 days 00:42:18,-1.0002,-95259.18389104193
243,100000,10,0.0001,794T,153.33333333333331,60T,"{'BuyLossPercent': 0.007333333333333334, 'SellLossPercent': 0.007333333333333334}","{'SellTakePercent': 0.01, 'BuyTakePercent': 0.01}",794,60,1 days 02:28:00,0 days 00:39:42,-0.9994,-309353.58572135604
244,100000,10,0.0001,484T,106.66666666666666,414T,"{'BuyLossPercent': 0.007333333333333334, 'SellLossPercent': 0.007333333333333334}","{'SellTakePercent': 0.035333333333333335, 'BuyTakePercent': 0.035333333333333335}",484,414,0 days 16:08:00,0 days 00:24:12,-0.9933,-144602.7129623894
245,100000,10,0.0001,950T,106.66666666666666,414T,"{'BuyLossPercent': 0.018000000000000002, 'SellLossPercent': 0.018000000000000002}","{'SellTakePercent': 0.048, 'BuyTakePercent': 0.048}",950,414,1 days 07:40:00,0 days 03:10:00,-0.9475,-40916.21470501282
246,100000,10,0.0001,328T,60.0,60T,"{'BuyLossPercent': 0.012666666666666666, 'SellLossPercent': 0.012666666666666666}","{'SellTakePercent': 0.035333333333333335, 'BuyTakePercent': 0.035333333333333335}",328,60,0 days 10:56:00,0 days 01:05:36,-1.0003,-392822.95586237893
247,100000,10,0.0001,432T,106.66666666666666,414T,"{'BuyLossPercent': 0.002, 'SellLossPercent': 0.002}","{'SellTakePercent': 0.035333333333333335, 'BuyTakePercent': 0.035333333333333335}",432,414,0 days 14:24:00,0 days 00:21:36,-0.9997,-1881506.5736906298
248,100000,10,0.0001,328T,106.66666666666666,130T,"{'BuyLossPercent': 0.012666666666666666, 'SellLossPercent': 0.012666666666666666}","{'SellTakePercent': 0.022666666666666665, 'BuyTakePercent': 0.022666666666666665}",328,130,0 days 10:56:00,0 days 01:05:36,-0.9991,-135028.63044223047
249,100000,10,0.0001,846T,200.0,414T,"{'BuyLossPercent': 0.007333333333333334, 'SellLossPercent': 0.007333333333333334}","{'SellTakePercent': 0.048, 'BuyTakePercent': 0.048}",846,414,1 days 04:12:00,0 days 02:49:12,-0.9574,-85531.79145298524
250,100000,10,0.0001,484T,106.66666666666666,414T,"{'BuyLossPercent': 0.012666666666666666, 'SellLossPercent': 0.012666666666666666}","{'SellTakePercent': 0.035333333333333335, 'BuyTakePercent': 0.035333333333333335}",484,414,0 days 16:08:00,0 days 01:36:48,-0.9916,-52456.284172394764
251,100000,10,0.0001,794T,200.0,414T,"{'BuyLossPercent': 0.012666666666666666, 'SellLossPercent': 0.012666666666666666}","{'SellTakePercent': 0.022666666666666665, 'BuyTakePercent': 0.022666666666666665}",794,414,1 days 02:28:00,0 days 00:39:42,-0.9815,-63613.65344393785
252,100000,10,0.0001,846T,106.66666666666666,450T,"{'BuyLossPercent': 0.018000000000000002, 'SellLossPercent': 0.018000000000000002}","{'SellTakePercent': 0.048, 'BuyTakePercent': 0.048}",846,450,1 days 04:12:00,0 days 02:49:12,-0.9395,-36870.83210763156
253,100000,10,0.0001,70T,106.66666666666666,201T,"{'BuyLossPercent': 0.002, 'SellLossPercent': 0.002}","{'SellTakePercent': 0.035333333333333335, 'BuyTakePercent': 0.035333333333333335}",70,201,0 days 02:20:00,0 days 00:03:30,-1.0012,-178729.35317565323
254,100000,10,0.0001,328T,106.66666666666666,272T,"{'BuyLossPercent': 0.002, 'SellLossPercent': 0.002}","{'SellTakePercent': 0.01, 'BuyTakePercent': 0.01}",328,272,0 days 10:56:00,0 days 00:16:24,-1.0001,-1460487.6112547428
255,100000,10,0.0001,950T,200.0,166T,"{'BuyLossPercent': 0.012666666666666666, 'SellLossPercent': 0.012666666666666666}","{'SellTakePercent': 0.022666666666666665, 'BuyTakePercent': 0.022666666666666665}",950,166,1 days 07:40:00,0 days 00:47:30,-0.9978,-81522.57889945747
256,100000,10,0.0001,691T,153.33333333333331,414T,"{'BuyLossPercent': 0.012666666666666666, 'SellLossPercent': 0.012666666666666666}","{'SellTakePercent': 0.035333333333333335, 'BuyTakePercent': 0.035333333333333335}",691,414,0 days 23:02:00,0 days 00:34:33,-0.858,-26317.471651297816
257,100000,10,0.0001,277T,153.33333333333331,379T,"{'BuyLossPercent': 0.002, 'SellLossPercent': 0.002}","{'SellTakePercent': 0.048, 'BuyTakePercent': 0.048}",277,379,0 days 09:14:00,0 days 00:13:51,-0.9966,-392838.51942345017
258,100000,10,0.0001,121T,60.0,343T,"{'BuyLossPercent': 0.018000000000000002, 'SellLossPercent': 0.018000000000000002}","{'SellTakePercent': 0.048, 'BuyTakePercent': 0.048}",121,343,0 days 04:02:00,0 days 00:24:12,-0.8693,-39021.37659920281
259,100000,10,0.0001,173T,200.0,95T,"{'BuyLossPercent': 0.002, 'SellLossPercent': 0.002}","{'SellTakePercent': 0.022666666666666665, 'BuyTakePercent': 0.022666666666666665}",173,95,0 days 05:46:00,0 days 00:34:36,-1.0006,-166475.16583390895
260,100000,10,0.0001,846T,106.66666666666666,450T,"{'BuyLossPercent': 0.012666666666666666, 'SellLossPercent': 0.012666666666666666}","{'SellTakePercent': 0.022666666666666665, 'BuyTakePercent': 0.022666666666666665}",846,450,1 days 04:12:00,0 days 00:42:18,-0.9925,-172688.181370221
261,100000,10,0.0001,846T,60.0,272T,"{'BuyLossPercent': 0.012666666666666666, 'SellLossPercent': 0.012666666666666666}","{'SellTakePercent': 0.048, 'BuyTakePercent': 0.048}",846,272,1 days 04:12:00,0 days 00:42:18,-1.0002,-450095.6062741873
262,100000,10,0.0001,846T,106.66666666666666,237T,"{'BuyLossPercent': 0.012666666666666666, 'SellLossPercent': 0.012666666666666666}","{'SellTakePercent': 0.01, 'BuyTakePercent': 0.01}",846,237,1 days 04:12:00,0 days 02:49:12,-1.0004,-211249.89335863086
263,100000,10,0.0001,432T,153.33333333333331,60T,"{'BuyLossPercent': 0.007333333333333334, 'SellLossPercent': 0.007333333333333334}","{'SellTakePercent': 0.022666666666666665, 'BuyTakePercent': 0.022666666666666665}",432,60,0 days 14:24:00,0 days 00:21:36,-0.9993,-207192.5089502765
264,100000,10,0.0001,691T,200.0,237T,"{'BuyLossPercent': 0.012666666666666666, 'SellLossPercent': 0.012666666666666666}","{'SellTakePercent': 0.022666666666666665, 'BuyTakePercent': 0.022666666666666665}",691,237,0 days 23:02:00,0 days 02:18:12,-0.9849,-68530.58864701257
265,100000,10,0.0001,535T,200.0,379T,"{'BuyLossPercent': 0.018000000000000002, 'SellLossPercent': 0.018000000000000002}","{'SellTakePercent': 0.035333333333333335, 'BuyTakePercent': 0.035333333333333335}",535,379,0 days 17:50:00,0 days 00:26:45,-0.7586,-16388.412760737527
266,100000,10,0.0001,121T,200.0,130T,"{'BuyLossPercent': 0.012666666666666666, 'SellLossPercent': 0.012666666666666666}","{'SellTakePercent': 0.048, 'BuyTakePercent': 0.048}",121,130,0 days 04:02:00,0 days 00:24:12,-0.9639,-35567.42938260964
267,100000,10,0.0001,380T,153.33333333333331,450T,"{'BuyLossPercent': 0.012666666666666666, 'SellLossPercent': 0.012666666666666666}","{'SellTakePercent': 0.01, 'BuyTakePercent': 0.01}",380,450,0 days 12:40:00,0 days 00:19:00,-0.981,-63799.66786701707
268,100000,10,0.0001,121T,153.33333333333331,237T,"{'BuyLossPercent': 0.018000000000000002, 'SellLossPercent': 0.018000000000000002}","{'SellTakePercent': 0.022666666666666665, 'BuyTakePercent': 0.022666666666666665}",121,237,0 days 04:02:00,0 days 00:06:03,-0.933,-24304.000596910162
269,100000,10,0.0001,277T,153.33333333333331,414T,"{'BuyLossPercent': 0.018000000000000002, 'SellLossPercent': 0.018000000000000002}","{'SellTakePercent': 0.01, 'BuyTakePercent': 0.01}",277,414,0 days 09:14:00,0 days 00:13:51,-0.92,-24819.89455425997
270,100000,10,0.0001,898T,200.0,166T,"{'BuyLossPercent': 0.002, 'SellLossPercent': 0.002}","{'SellTakePercent': 0.022666666666666665, 'BuyTakePercent': 0.022666666666666665}",898,166,1 days 05:56:00,0 days 00:44:54,-1.0,-1130143.0284177093
271,100000,10,0.0001,328T,106.66666666666666,201T,"{'BuyLossPercent': 0.007333333333333334, 'SellLossPercent': 0.007333333333333334}","{'SellTakePercent': 0.048, 'BuyTakePercent': 0.048}",328,201,0 days 10:56:00,0 days 00:16:24,-0.9895,-153653.12381202567
272,100000,10,0.0001,70T,200.0,95T,"{'BuyLossPercent': 0.002, 'SellLossPercent': 0.002}","{'SellTakePercent': 0.01, 'BuyTakePercent': 0.01}",70,95,0 days 02:20:00,0 days 00:03:30,-0.9978,-99635.26335446288
273,100000,10,0.0001,898T,60.0,379T,"{'BuyLossPercent': 0.002, 'SellLossPercent': 0.002}","{'SellTakePercent': 0.01, 'BuyTakePercent': 0.01}",898,379,1 days 05:56:00,0 days 00:44:54,-1.0,-10119646.04927521
274,100000,10,0.0001,950T,153.33333333333331,379T,"{'BuyLossPercent': 0.002, 'SellLossPercent': 0.002}","{'SellTakePercent': 0.022666666666666665, 'BuyTakePercent': 0.022666666666666665}",950,379,1 days 07:40:00,0 days 00:47:30,-1.0001,-2531609.916184669
275,100000,10,0.0001,121T,153.33333333333331,272T,"{'BuyLossPercent': 0.002, 'SellLossPercent': 0.002}","{'SellTakePercent': 0.035333333333333335, 'BuyTakePercent': 0.035333333333333335}",121,272,0 days 04:02:00,0 days 00:06:03,-1.0012,-169251.17208070008
276,100000,10,0.0001,173T,106.66666666666666,95T,"{'BuyLossPercent': 0.007333333333333334, 'SellLossPercent': 0.007333333333333334}","{'SellTakePercent': 0.01, 'BuyTakePercent': 0.01}",173,95,0 days 05:46:00,0 days 00:08:39,-1.002,-153335.6260215954
277,100000,10,0.0001,328T,200.0,450T,"{'BuyLossPercent': 0.007333333333333334, 'SellLossPercent': 0.007333333333333334}","{'SellTakePercent': 0.048, 'BuyTakePercent': 0.048}",328,450,0 days 10:56:00,0 days 00:16:24,-0.7493,-28955.55978763731
278,100000,10,0.0001,70T,106.66666666666666,60T,"{'BuyLossPercent': 0.002, 'SellLossPercent': 0.002}","{'SellTakePercent': 0.048, 'BuyTakePercent': 0.048}",70,60,0 days 02:20:00,0 days 00:14:00,-0.9993,-308447.4513302461
279,100000,10,0.0001,794T,60.0,308T,"{'BuyLossPercent': 0.018000000000000002, 'SellLossPercent': 0.018000000000000002}","{'SellTakePercent': 0.035333333333333335, 'BuyTakePercent': 0.035333333333333335}",794,308,1 days 02:28:00,0 days 00:39:42,-0.9959,-102359.98983816785
280,100000,10,0.0001,794T,106.66666666666666,130T,"{'BuyLossPercent': 0.007333333333333334, 'SellLossPercent': 0.007333333333333334}","{'SellTakePercent': 0.035333333333333335, 'BuyTakePercent': 0.035333333333333335}",794,130,1 days 02:28:00,0 days 00:39:42,-0.9987,-417306.35764289857
281,100000,10,0.0001,535T,60.0,60T,"{'BuyLossPercent': 0.012666666666666666, 'SellLossPercent': 0.012666666666666666}","{'SellTakePercent': 0.022666666666666665, 'BuyTakePercent': 0.022666666666666665}",535,60,0 days 17:50:00,0 days 00:26:45,-0.9994,-482068.21884472226
282,100000,10,0.0001,328T,60.0,130T,"{'BuyLossPercent': 0.002, 'SellLossPercent': 0.002}","{'SellTakePercent': 0.048, 'BuyTakePercent': 0.048}",328,130,0 days 10:56:00,0 days 01:05:36,-1.0001,-3230312.3464070526
283,100000,10,0.0001,535T,200.0,272T,"{'BuyLossPercent': 0.002, 'SellLossPercent': 0.002}","{'SellTakePercent': 0.035333333333333335, 'BuyTakePercent': 0.035333333333333335}",535,272,0 days 17:50:00,0 days 01:47:00,-0.9989,-488064.00226675015
284,100000,10,0.0001,950T,153.33333333333331,308T,"{'BuyLossPercent': 0.007333333333333334, 'SellLossPercent': 0.007333333333333334}","{'SellTakePercent': 0.01, 'BuyTakePercent': 0.01}",950,308,1 days 07:40:00,0 days 00:47:30,-0.9992,-288641.6426491831
285,100000,10,0.0001,225T,153.33333333333331,166T,"{'BuyLossPercent': 0.002, 'SellLossPercent': 0.002}","{'SellTakePercent': 0.048, 'BuyTakePercent': 0.048}",225,166,0 days 07:30:00,0 days 00:11:15,-0.9991,-373249.606807903
286,100000,10,0.0001,587T,60.0,450T,"{'BuyLossPercent': 0.018000000000000002, 'SellLossPercent': 0.018000000000000002}","{'SellTakePercent': 0.048, 'BuyTakePercent': 0.048}",587,450,0 days 19:34:00,0 days 01:57:24,-0.9721,-55407.015303612054
287,100000,10,0.0001,277T,60.0,414T,"{'BuyLossPercent': 0.002, 'SellLossPercent': 0.002}","{'SellTakePercent': 0.035333333333333335, 'BuyTakePercent': 0.035333333333333335}",277,414,0 days 09:14:00,0 days 00:55:24,-0.9997,-1801327.1272480036
288,100000,10,0.0001,380T,153.33333333333331,95T,"{'BuyLossPercent': 0.012666666666666666, 'SellLossPercent': 0.012666666666666666}","{'SellTakePercent': 0.01, 'BuyTakePercent': 0.01}",380,95,0 days 12:40:00,0 days 00:19:00,-0.9858,-93506.6767042906
289,100000,10,0.0001,742T,200.0,95T,"{'BuyLossPercent': 0.018000000000000002, 'SellLossPercent': 0.018000000000000002}","{'SellTakePercent': 0.048, 'BuyTakePercent': 0.048}",742,95,1 days 00:44:00,0 days 02:28:24,-0.993,-67282.6077419276
290,100000,10,0.0001,587T,60.0,379T,"{'BuyLossPercent': 0.018000000000000002, 'SellLossPercent': 0.018000000000000002}","{'SellTakePercent': 0.048, 'BuyTakePercent': 0.048}",587,379,0 days 19:34:00,0 days 00:29:21,-0.9964,-131453.03456084186
291,100000,10,0.0001,535T,106.66666666666666,166T,"{'BuyLossPercent': 0.018000000000000002, 'SellLossPercent': 0.018000000000000002}","{'SellTakePercent': 0.022666666666666665, 'BuyTakePercent': 0.022666666666666665}",535,166,0 days 17:50:00,0 days 01:47:00,-0.9917,-143382.4052998478
292,100000,10,0.0001,380T,153.33333333333331,201T,"{'BuyLossPercent': 0.002, 'SellLossPercent': 0.002}","{'SellTakePercent': 0.01, 'BuyTakePercent': 0.01}",380,201,0 days 12:40:00,0 days 01:16:00,-1.0003,-732799.2116486992
293,100000,10,0.0001,121T,200.0,130T,"{'BuyLossPercent': 0.012666666666666666, 'SellLossPercent': 0.012666666666666666}","{'SellTakePercent': 0.022666666666666665, 'BuyTakePercent': 0.022666666666666665}",121,130,0 days 04:02:00,0 days 00:24:12,-0.9639,-35567.42938260964
294,100000,10,0.0001,587T,60.0,414T,"{'BuyLossPercent': 0.007333333333333334, 'SellLossPercent': 0.007333333333333334}","{'SellTakePercent': 0.035333333333333335, 'BuyTakePercent': 0.035333333333333335}",587,414,0 days 19:34:00,0 days 01:57:24,-0.9989,-358607.1431843633
295,100000,10,0.0001,380T,153.33333333333331,414T,"{'BuyLossPercent': 0.012666666666666666, 'SellLossPercent': 0.012666666666666666}","{'SellTakePercent': 0.01, 'BuyTakePercent': 0.01}",380,414,0 days 12:40:00,0 days 00:19:00,-0.9917,-54274.4425900349
296,100000,10,0.0001,277T,106.66666666666666,130T,"{'BuyLossPercent': 0.007333333333333334, 'SellLossPercent': 0.007333333333333334}","{'SellTakePercent': 0.01, 'BuyTakePercent': 0.01}",277,130,0 days 09:14:00,0 days 00:55:24,-0.9956,-188821.44935349617
297,100000,10,0.0001,328T,106.66666666666666,237T,"{'BuyLossPercent': 0.012666666666666666, 'SellLossPercent': 0.012666666666666666}","{'SellTakePercent': 0.035333333333333335, 'BuyTakePercent': 0.035333333333333335}",328,237,0 days 10:56:00,0 days 00:16:24,-0.9961,-65632.44453127592
298,100000,10,0.0001,70T,106.66666666666666,237T,"{'BuyLossPercent': 0.018000000000000002, 'SellLossPercent': 0.018000000000000002}","{'SellTakePercent': 0.048, 'BuyTakePercent': 0.048}",70,237,0 days 02:20:00,0 days 00:14:00,-0.9656,-40746.44268888886
299,100000,10,0.0001,587T,60.0,272T,"{'BuyLossPercent': 0.007333333333333334, 'SellLossPercent': 0.007333333333333334}","{'SellTakePercent': 0.048, 'BuyTakePercent': 0.048}",587,272,0 days 19:34:00,0 days 01:57:24,-0.9982,-393736.6584801859
300,100000,10,0.0001,535T,60.0,272T,"{'BuyLossPercent': 0.002, 'SellLossPercent': 0.002}","{'SellTakePercent': 0.035333333333333335, 'BuyTakePercent': 0.035333333333333335}",535,272,0 days 17:50:00,0 days 01:47:00,-0.9999,-5275678.899828297
301,100000,10,0.0001,846T,106.66666666666666,343T,"{'BuyLossPercent': 0.012666666666666666, 'SellLossPercent': 0.012666666666666666}","{'SellTakePercent': 0.01, 'BuyTakePercent': 0.01}",846,343,1 days 04:12:00,0 days 02:49:12,-1.0006,-180383.49122241972
302,100000,10,0.0001,898T,200.0,308T,"{'BuyLossPercent': 0.012666666666666666, 'SellLossPercent': 0.012666666666666666}","{'SellTakePercent': 0.022666666666666665, 'BuyTakePercent': 0.022666666666666665}",898,308,1 days 05:56:00,0 days 00:44:54,-0.9855,-64876.03332655906
303,100000,10,0.0001,484T,60.0,343T,"{'BuyLossPercent': 0.018000000000000002, 'SellLossPercent': 0.018000000000000002}","{'SellTakePercent': 0.022666666666666665, 'BuyTakePercent': 0.022666666666666665}",484,343,0 days 16:08:00,0 days 00:24:12,-0.9985,-123430.27755323127
304,100000,10,0.0001,277T,60.0,130T,"{'BuyLossPercent': 0.012666666666666666, 'SellLossPercent': 0.012666666666666666}","{'SellTakePercent': 0.01, 'BuyTakePercent': 0.01}",277,130,0 days 09:14:00,0 days 00:55:24,-0.9995,-209637.72894846412
305,100000,10,0.0001,742T,153.33333333333331,272T,"{'BuyLossPercent': 0.012666666666666666, 'SellLossPercent': 0.012666666666666666}","{'SellTakePercent': 0.035333333333333335, 'BuyTakePercent': 0.035333333333333335}",742,272,1 days 00:44:00,0 days 00:37:06,-0.9623,-38359.107931183644
306,100000,10,0.0001,898T,153.33333333333331,166T,"{'BuyLossPercent': 0.012666666666666666, 'SellLossPercent': 0.012666666666666666}","{'SellTakePercent': 0.022666666666666665, 'BuyTakePercent': 0.022666666666666665}",898,166,1 days 05:56:00,0 days 00:44:54,-1.0003,-124836.29479238222
307,100000,10,0.0001,639T,106.66666666666666,60T,"{'BuyLossPercent': 0.012666666666666666, 'SellLossPercent': 0.012666666666666666}","{'SellTakePercent': 0.035333333333333335, 'BuyTakePercent': 0.035333333333333335}",639,60,0 days 21:18:00,0 days 00:31:57,-1.0003,-308471.509751244
308,100000,10,0.0001,380T,200.0,379T,"{'BuyLossPercent': 0.007333333333333334, 'SellLossPercent': 0.007333333333333334}","{'SellTakePercent': 0.022666666666666665, 'BuyTakePercent': 0.022666666666666665}",380,379,0 days 12:40:00,0 days 01:16:00,-0.9698,-73924.16445406726
309,100000,10,0.0001,173T,200.0,414T,"{'BuyLossPercent': 0.007333333333333334, 'SellLossPercent': 0.007333333333333334}","{'SellTakePercent': 0.048, 'BuyTakePercent': 0.048}",173,414,0 days 05:46:00,0 days 00:34:36,-0.686,-17433.067054455485
310,100000,10,0.0001,173T,153.33333333333331,130T,"{'BuyLossPercent': 0.012666666666666666, 'SellLossPercent': 0.012666666666666666}","{'SellTakePercent': 0.01, 'BuyTakePercent': 0.01}",173,130,0 days 05:46:00,0 days 00:34:36,-0.9909,-63625.64041205775
311,100000,10,0.0001,950T,200.0,60T,"{'BuyLossPercent': 0.018000000000000002, 'SellLossPercent': 0.018000000000000002}","{'SellTakePercent': 0.048, 'BuyTakePercent': 0.048}",950,60,1 days 07:40:00,0 days 03:10:00,-0.9986,-89123.1263060552
312,100000,10,0.0001,794T,106.66666666666666,60T,"{'BuyLossPercent': 0.012666666666666666, 'SellLossPercent': 0.012666666666666666}","{'SellTakePercent': 0.022666666666666665, 'BuyTakePercent': 0.022666666666666665}",794,60,1 days 02:28:00,0 days 00:39:42,-0.9991,-357024.5862034576
313,100000,10,0.0001,121T,153.33333333333331,308T,"{'BuyLossPercent': 0.012666666666666666, 'SellLossPercent': 0.012666666666666666}","{'SellTakePercent': 0.048, 'BuyTakePercent': 0.048}",121,308,0 days 04:02:00,0 days 00:24:12,-0.8335,-26010.836673064863
314,100000,10,0.0001,225T,60.0,60T,"{'BuyLossPercent': 0.002, 'SellLossPercent': 0.002}","{'SellTakePercent': 0.022666666666666665, 'BuyTakePercent': 0.022666666666666665}",225,60,0 days 07:30:00,0 days 00:11:15,-1.0,-2558381.1903659888
315,100000,10,0.0001,432T,60.0,308T,"{'BuyLossPercent': 0.007333333333333334, 'SellLossPercent': 0.007333333333333334}","{'SellTakePercent': 0.035333333333333335, 'BuyTakePercent': 0.035333333333333335}",432,308,0 days 14:24:00,0 days 00:21:36,-0.9994,-348635.483588823
316,100000,10,0.0001,432T,106.66666666666666,272T,"{'BuyLossPercent': 0.002, 'SellLossPercent': 0.002}","{'SellTakePercent': 0.035333333333333335, 'BuyTakePercent': 0.035333333333333335}",432,272,0 days 14:24:00,0 days 01:26:24,-0.9999,-1760804.5574980932
317,100000,10,0.0001,70T,153.33333333333331,450T,"{'BuyLossPercent': 0.012666666666666666, 'SellLossPercent': 0.012666666666666666}","{'SellTakePercent': 0.048, 'BuyTakePercent': 0.048}",70,450,0 days 02:20:00,0 days 00:14:00,-0.5189,-10866.17723002381
318,100000,10,0.0001,898T,153.33333333333331,201T,"{'BuyLossPercent': 0.002, 'SellLossPercent': 0.002}","{'SellTakePercent': 0.01, 'BuyTakePercent': 0.01}",898,201,1 days 05:56:00,0 days 00:44:54,-1.0,-2598726.3938824884
319,100000,10,0.0001,121T,106.66666666666666,201T,"{'BuyLossPercent': 0.012666666666666666, 'SellLossPercent': 0.012666666666666666}","{'SellTakePercent': 0.035333333333333335, 'BuyTakePercent': 0.035333333333333335}",121,201,0 days 04:02:00,0 days 00:24:12,-0.9634,-68867.45552734246
320,100000,10,0.0001,587T,106.66666666666666,272T,"{'BuyLossPercent': 0.018000000000000002, 'SellLossPercent': 0.018000000000000002}","{'SellTakePercent': 0.022666666666666665, 'BuyTakePercent': 0.022666666666666665}",587,272,0 days 19:34:00,0 days 01:57:24,-0.9938,-122661.35299386008
321,100000,10,0.0001,587T,200.0,95T,"{'BuyLossPercent': 0.012666666666666666, 'SellLossPercent': 0.012666666666666666}","{'SellTakePercent': 0.01, 'BuyTakePercent': 0.01}",587,95,0 days 19:34:00,0 days 00:29:21,-0.9778,-84249.0808590778
322,100000,10,0.0001,277T,153.33333333333331,95T,"{'BuyLossPercent': 0.012666666666666666, 'SellLossPercent': 0.012666666666666666}","{'SellTakePercent': 0.048, 'BuyTakePercent': 0.048}",277,95,0 days 09:14:00,0 days 00:13:51,-0.9989,-102587.44693369143
323,100000,10,0.0001,432T,200.0,95T,"{'BuyLossPercent': 0.018000000000000002, 'SellLossPercent': 0.018000000000000002}","{'SellTakePercent': 0.035333333333333335, 'BuyTakePercent': 0.035333333333333335}",432,95,0 days 14:24:00,0 days 01:26:24,-0.9646,-44895.69430448889
324,100000,10,0.0001,484T,153.33333333333331,379T,"{'BuyLossPercent': 0.012666666666666666, 'SellLossPercent': 0.012666666666666666}","{'SellTakePercent': 0.022666666666666665, 'BuyTakePercent': 0.022666666666666665}",484,379,0 days 16:08:00,0 days 01:36:48,-0.9817,-79996.0247544538
325,100000,10,0.0001,639T,153.33333333333331,166T,"{'BuyLossPercent': 0.002, 'SellLossPercent': 0.002}","{'SellTakePercent': 0.048, 'BuyTakePercent': 0.048}",639,166,0 days 21:18:00,0 days 02:07:48,-0.9999,-1577165.4862790722
326,100000,10,0.0001,70T,200.0,379T,"{'BuyLossPercent': 0.002, 'SellLossPercent': 0.002}","{'SellTakePercent': 0.035333333333333335, 'BuyTakePercent': 0.035333333333333335}",70,379,0 days 02:20:00,0 days 00:03:30,-0.9685,-59917.77643350318
327,100000,10,0.0001,898T,153.33333333333331,166T,"{'BuyLossPercent': 0.007333333333333334, 'SellLossPercent': 0.007333333333333334}","{'SellTakePercent': 0.022666666666666665, 'BuyTakePercent': 0.022666666666666665}",898,166,1 days 05:56:00,0 days 02:59:36,-1.0,-293178.2392421433
328,100000,10,0.0001,846T,200.0,414T,"{'BuyLossPercent': 0.012666666666666666, 'SellLossPercent': 0.012666666666666666}","{'SellTakePercent': 0.01, 'BuyTakePercent': 0.01}",846,414,1 days 04:12:00,0 days 00:42:18,-0.9926,-63955.08528354907
329,100000,10,0.0001,225T,106.66666666666666,379T,"{'BuyLossPercent': 0.018000000000000002, 'SellLossPercent': 0.018000000000000002}","{'SellTakePercent': 0.048, 'BuyTakePercent': 0.048}",225,379,0 days 07:30:00,0 days 00:11:15,-0.8738,-21428.058018594802
330,100000,10,0.0001,484T,153.33333333333331,343T,"{'BuyLossPercent': 0.018000000000000002, 'SellLossPercent': 0.018000000000000002}","{'SellTakePercent': 0.035333333333333335, 'BuyTakePercent': 0.035333333333333335}",484,343,0 days 16:08:00,0 days 00:24:12,-0.9647,-62705.94563978253
331,100000,10,0.0001,587T,200.0,308T,"{'BuyLossPercent': 0.018000000000000002, 'SellLossPercent': 0.018000000000000002}","{'SellTakePercent': 0.022666666666666665, 'BuyTakePercent': 0.022666666666666665}",587,308,0 days 19:34:00,0 days 01:57:24,-0.9366,-33774.792834797314
332,100000,10,0.0001,121T,153.33333333333331,95T,"{'BuyLossPercent': 0.012666666666666666, 'SellLossPercent': 0.012666666666666666}","{'SellTakePercent': 0.035333333333333335, 'BuyTakePercent': 0.035333333333333335}",121,95,0 days 04:02:00,0 days 00:06:03,-0.9897,-69195.35533621858
333,100000,10,0.0001,898T,200.0,308T,"{'BuyLossPercent': 0.012666666666666666, 'SellLossPercent': 0.012666666666666666}","{'SellTakePercent': 0.01, 'BuyTakePercent': 0.01}",898,308,1 days 05:56:00,0 days 02:59:36,-0.9891,-65154.98949785756
334,100000,10,0.0001,484T,200.0,308T,"{'BuyLossPercent': 0.007333333333333334, 'SellLossPercent': 0.007333333333333334}","{'SellTakePercent': 0.01, 'BuyTakePercent': 0.01}",484,308,0 days 16:08:00,0 days 01:36:48,-0.9856,-88570.00120179441
335,100000,10,0.0001,898T,106.66666666666666,95T,"{'BuyLossPercent': 0.002, 'SellLossPercent': 0.002}","{'SellTakePercent': 0.01, 'BuyTakePercent': 0.01}",898,95,1 days 05:56:00,0 days 02:59:36,-1.0,-5427697.28668614
336,100000,10,0.0001,121T,106.66666666666666,450T,"{'BuyLossPercent': 0.002, 'SellLossPercent': 0.002}","{'SellTakePercent': 0.01, 'BuyTakePercent': 0.01}",121,450,0 days 04:02:00,0 days 00:06:03,-0.9966,-348776.73152497556
337,100000,10,0.0001,484T,153.33333333333331,95T,"{'BuyLossPercent': 0.007333333333333334, 'SellLossPercent': 0.007333333333333334}","{'SellTakePercent': 0.048, 'BuyTakePercent': 0.048}",484,95,0 days 16:08:00,0 days 00:24:12,-0.9923,-154183.33821009164
338,100000,10,0.0001,639T,153.33333333333331,308T,"{'BuyLossPercent': 0.012666666666666666, 'SellLossPercent': 0.012666666666666666}","{'SellTakePercent': 0.035333333333333335, 'BuyTakePercent': 0.035333333333333335}",639,308,0 days 21:18:00,0 days 02:07:48,-0.9974,-84311.02726710991
339,100000,10,0.0001,225T,106.66666666666666,343T,"{'BuyLossPercent': 0.012666666666666666, 'SellLossPercent': 0.012666666666666666}","{'SellTakePercent': 0.035333333333333335, 'BuyTakePercent': 0.035333333333333335}",225,343,0 days 07:30:00,0 days 00:45:00,-0.9921,-78311.81098742568
